-- phpMyAdmin SQL Dump
-- version 4.9.2
-- https://www.phpmyadmin.net/
--
-- Host: localhost
-- Generation Time: Feb 09, 2020 at 08:13 AM
-- Server version: 10.4.10-MariaDB
-- PHP Version: 7.3.12

SET SQL_MODE = "NO_AUTO_VALUE_ON_ZERO";
SET AUTOCOMMIT = 0;
START TRANSACTION;
SET time_zone = "+00:00";


/*!40101 SET @OLD_CHARACTER_SET_CLIENT=@@CHARACTER_SET_CLIENT */;
/*!40101 SET @OLD_CHARACTER_SET_RESULTS=@@CHARACTER_SET_RESULTS */;
/*!40101 SET @OLD_COLLATION_CONNECTION=@@COLLATION_CONNECTION */;
/*!40101 SET NAMES utf8mb4 */;

--
-- Database: `pos_db`
--

-- --------------------------------------------------------

--
-- Table structure for table `admins`
--

CREATE TABLE `admins` (
  `id` bigint(20) UNSIGNED NOT NULL,
  `name` varchar(191) COLLATE utf8mb4_unicode_ci NOT NULL,
  `username` varchar(191) COLLATE utf8mb4_unicode_ci NOT NULL,
  `password` varchar(191) COLLATE utf8mb4_unicode_ci NOT NULL,
  `email` varchar(191) COLLATE utf8mb4_unicode_ci NOT NULL,
  `email_verified_at` timestamp NULL DEFAULT NULL,
  `status` tinyint(4) NOT NULL,
  `remember_token` varchar(100) COLLATE utf8mb4_unicode_ci DEFAULT NULL,
  `created_at` timestamp NULL DEFAULT NULL,
  `updated_at` timestamp NULL DEFAULT NULL,
  `created_by` int(11) DEFAULT NULL,
  `updated_by` int(11) DEFAULT NULL,
  `deleted_by` int(11) DEFAULT NULL,
  `deleted_at` timestamp NULL DEFAULT NULL,
  `valid` tinyint(4) DEFAULT 1
) ENGINE=InnoDB DEFAULT CHARSET=utf8mb4 COLLATE=utf8mb4_unicode_ci;

--
-- Dumping data for table `admins`
--

INSERT INTO `admins` (`id`, `name`, `username`, `password`, `email`, `email_verified_at`, `status`, `remember_token`, `created_at`, `updated_at`, `created_by`, `updated_by`, `deleted_by`, `deleted_at`, `valid`) VALUES
(1, 'Admin', 'admin', '$2y$10$oOzzLvHQpFAfAbRBtCiH0e/k4WO8hYEUoW1UWsLG84FcVuxKhUx0y', 'a@gmail.com', NULL, 1, NULL, '2019-09-19 04:14:05', '2019-11-21 00:17:03', NULL, 1, 1, '2019-11-02 00:54:55', 1),
(8, 'sibli', 'sibli234', '$2y$10$OW0CjB8PHr2Wvb.1ECq6VerhEeujeMwbbs78GgN717Cwz.3vBeDwy', 'sibli@gmail.com', NULL, 1, NULL, '2019-09-20 01:35:16', '2019-11-21 00:16:59', NULL, 1, NULL, NULL, 1),
(15, 'gib jio', 'gib234', '$2y$10$c.ZhYU9TznlyILBwRuhE4.aFwKhzHqGz2aFL8iqhh2N7qQmcrRy0K', 'gib@gmail.com', NULL, 1, NULL, '2019-09-20 02:12:05', '2019-10-24 00:43:10', NULL, 1, NULL, NULL, 1),
(16, 'kio', 'kio234', '$2y$10$boYb31L01DGpQ9xgM6dITeiVqKgnZK5mlfQGyX/Q2f/v6dOtAeVuK', 'kio@gmail.com', NULL, 1, NULL, '2019-09-20 02:12:39', '2019-09-23 01:24:58', NULL, NULL, NULL, NULL, 1),
(18, 'bnm', 'bnm234', '$2y$10$6yw/GcCYuTjHGLVoCaEQ2OLmR3jkfctMFqR4L9tAYvvpVZiHIGyaG', 'bnm@gmail.com', NULL, 1, NULL, '2019-09-20 02:14:11', '2019-11-16 21:35:37', NULL, 1, 1, '2019-11-16 21:35:37', 0),
(19, 'tyiiuiu khan', 'tyi234', '$2y$10$FUEMlMg35WJAP52rGclQaerQI1Wt/ownt09rn/VCF.pdRRt0L19ae', 'ty@gmail.com', NULL, 1, NULL, '2019-09-20 02:26:12', '2019-09-24 00:22:42', NULL, NULL, NULL, NULL, 1),
(20, 'hridoy khan', 'hridoy345', '$2y$10$YDxl1j01aGyc3aP45cGzuedjEluZ8CNgHOp0oqt0C4ICZdrZHVBa2', 'hridoy@gmail.com', NULL, 1, NULL, '2019-09-20 02:27:17', '2019-10-30 21:35:36', NULL, 1, NULL, NULL, 1),
(21, 'test', 'test', '$2y$10$c7OY.m7BPm5IW6YaNotQLuSmJdYFok4ICk6NfDQGznwOcFMEguF7.', 'd@gmail.com', NULL, 1, NULL, '2019-09-24 00:45:52', '2019-09-24 00:45:52', NULL, NULL, NULL, NULL, 1),
(22, 'someone', 'som234', '$2y$10$nIGECr3Jg.80n1IumLHlXuQZ.e/QZlnIMXEmvnEAX2uyBvfw7JvYa', 'som@gmail.com', NULL, 1, NULL, '2019-09-24 02:34:38', '2019-11-21 00:04:47', NULL, NULL, 1, '2019-11-21 00:04:47', 0),
(23, 'somone', 'some@gmail.com', '$2y$10$CQET1LkrVISotCnG655Rg.bLn.biK4PCQZx9tERfPFRd6DNBLjPOe', 's@gmail.com', NULL, 1, NULL, '2019-09-24 02:35:33', '2019-11-12 05:16:15', NULL, 1, NULL, NULL, 1),
(24, 'jiok', 'j234', '$2y$10$WkeS7Z.edwtJ77yRqboX5.tnu3uktVOwXTHIuT7tLchinfSuKzJ2e', 'j@gmail.com', NULL, 1, NULL, '2019-09-24 02:45:01', '2019-11-12 05:16:50', NULL, 1, NULL, NULL, 1),
(25, 'change', 'aaaa', '$2y$10$9nTWcFEdVOn0GcboyWfC8OMZcxQ4J5L8osJhEsOQS1.O/aeccfbVC', 'aaa@gmail.com', NULL, 1, NULL, '2019-09-24 03:18:03', '2019-11-16 21:34:47', NULL, 1, 1, '2019-11-16 21:34:47', 0),
(29, 'test top', 'eee', '$2y$10$meum8RL0XsnDD/AzTrTXE.559O8YrYkazDbKZYp/Sfo8eEln5Y/VS', 'e@gmail.com', NULL, 1, NULL, '2019-09-25 01:14:25', '2019-11-13 21:21:40', NULL, 1, NULL, NULL, 1),
(30, 'symn', 'smin234', '$2y$10$K1dHQMLFQPxG6lfJAGcVOehiuJIPikZ6dFEpYLypbmexd5V.goxsW', 'sym@gmail.com', NULL, 1, NULL, '2019-09-26 03:07:16', '2019-11-13 21:23:01', NULL, 1, NULL, NULL, 1),
(31, 'iop', 'io234', '$2y$10$Aqoyhp0icEWyoR5DpHdBFepKiNp97iePBhDBLbx1Vhmt6lc8QiTBy', 'io@gmail.com', NULL, 1, NULL, '2019-09-26 03:12:18', '2019-11-18 21:59:10', NULL, 1, NULL, NULL, 1),
(32, 'test name', 'tttt', '$2y$10$WbIMYmVIwtxO9ztCvgvzpeqliNzzPUNDN2aDlw6gPmkaAF5YTfDHm', 'tttt@gmail.com', NULL, 1, NULL, '2019-09-26 03:15:14', '2019-09-26 03:34:16', 1, 1, 1, '2019-09-27 07:00:00', 0),
(33, 'test to klo', 'to234', '$2y$10$U1Z9GfWgk.80mDgrTNdXWeFvGekyjYfet5lcP5PSgep.9KEMp9v5m', 'to@gmail.com', NULL, 1, NULL, '2019-09-26 03:39:46', '2019-09-26 03:41:03', 1, 1, 1, '2019-09-26 03:41:03', 0),
(34, 'skdfh', 'kdsfh', '$2y$10$82Ars6L1koy0q.Ed6Fd9TOBWrxuA83I8Fs6ZBQk9Q3f1MtldbrP4W', 'js@gmail.com', NULL, 1, NULL, '2019-10-01 05:01:12', '2019-11-02 01:00:49', 1, NULL, 1, '2019-11-02 01:00:49', 0),
(35, 'sdhjfh', 'skdfh', '$2y$10$54KoYw14W5AvTfGyBWive.pgZvbRga4ToEjWu3/B3tzBbflFE8aD6', 'sjhsj@gmail.com', NULL, 1, NULL, '2019-10-01 05:02:20', '2019-11-02 01:00:46', 1, NULL, 1, '2019-11-02 01:00:46', 0),
(36, 'admin role', 'sdfkh jio', '$2y$10$7FU2BZsTAO7XYQVXd2ws0.ShP9ZMfxRY.b/nBorUIEeg6a6h2J4Ba', 'skdj@gmail.com', NULL, 1, NULL, '2019-10-01 05:16:43', '2019-11-02 02:54:12', 1, 1, 1, '2019-11-02 02:54:12', 0),
(37, 'symon', 'symon234', '$2y$10$1auUvQ9o3tKyxb7dWlK2C.cBLilqVM8Vqn3gjjtMFWVc1fZtWki0i', 'symon234@gmail.com', NULL, 1, NULL, '2019-10-07 05:07:26', '2019-10-07 05:13:32', 1, 1, NULL, NULL, 1),
(38, 'banu', 'babu234', '$2y$10$mUbyPe5AJGtoBGuY0T/t6OBvaQSq6yvMBRDbV9u03Qebgq/afLPGW', 'babu@gmail.com', NULL, 1, NULL, '2019-10-07 05:17:50', '2019-11-21 00:16:35', 1, 1, 1, '2019-11-21 00:16:35', 0),
(39, 'dskfjh', 'skdfhsakfh', '$2y$10$CZHqHFIR/SILSJzRR74ece3aWl4zfUG.oDgxsiwei18PSAEsCPHjC', 'sfjd@gmail.com', NULL, 1, NULL, '2019-10-07 05:27:09', '2019-11-02 00:18:18', 1, 1, 1, '2019-11-02 00:18:18', 0),
(40, 'bubli', 'bubli234', '$2y$10$pT.oElYWZacLYgeD0rN6gePzYil7hU7Tbda2QEzmIQS7LGnsicG1C', 'bubli234@gmail.com', NULL, 1, NULL, '2019-10-07 05:42:23', '2019-11-20 23:53:15', 1, 1, 1, '2019-11-20 23:53:15', 0),
(41, 'addul hakim', 'hakir234', '$2y$10$gb8uPb9lIDsiAehzfEB.4ur.txrUZY9eq27kpDK9jr6UycLN9Sgpm', 'hakim@gmail.com', NULL, 1, NULL, '2019-11-02 00:18:54', '2019-11-18 03:41:52', 1, 1, NULL, NULL, 1),
(42, 'samul haque', 'samsul', '$2y$10$WgWwQSdj9b41xxl6yPVDeuSw7Xs18bvApa11H3Tiv.I/6WWat47Be', 'samsul@gmail.com', NULL, 1, NULL, '2019-11-13 21:28:23', '2019-11-18 21:58:13', 1, 1, NULL, NULL, 1),
(43, 'shuvo Gazi', 'shuvo234', '$2y$10$/DUBZhXzisdBMp6/lDppNucay/5jl6Ta.jdFlD6biO1FypBh9Rffm', 'shuvo@gmail.com', NULL, 1, NULL, '2019-11-16 21:44:57', '2019-11-19 02:25:29', 1, 1, NULL, NULL, 1),
(44, 'demo', 'demo234', '$2y$10$OpdK6GIU7L01Stxa4JqwXupA8X/gdk7T3T9KcVFyK79ktuKhJrxEi', 'demo@gamil.com', NULL, 0, NULL, '2019-11-17 21:48:52', '2019-11-18 03:23:51', 1, 1, 1, '2019-11-18 03:23:51', 0),
(45, 'sourov', 'sourov234', '$2y$10$bW9FEcV5ZDBwRbh.NeWUKue6NlJeCdEti8z59yKJ15./XhWqwbow.', 'sourov@gmail.com', NULL, 1, NULL, '2019-11-20 23:53:04', '2019-11-20 23:53:09', 1, 1, NULL, NULL, 1),
(46, 'sunmoon', 'sunmoon234', '$2y$10$XAcQlLNQiZi5V7bnmd1Yoe.ajsUNA5N/a6lWWZ0yzMKVVwSRM0uWS', 'sunmoon@gmail.com', NULL, 1, NULL, '2019-11-21 00:16:24', '2019-11-21 00:16:29', 1, 1, NULL, NULL, 1),
(47, 'sodmkjj', 'sfhh455', '$2y$10$gPJSsV6N9iZH.sbCWg656.NfSRf3Byjoj5jrRzN.v79EjRcFLuSwy', 'sd455@gmail.com', NULL, 1, NULL, '2019-11-27 23:27:43', '2019-11-27 23:31:36', 1, 1, 1, '2019-11-27 23:31:36', 0),
(48, 'zz', 'ss', '$2y$10$2I6mZ1SZN09Q8Ma3HzH22e4lp9N7B1z/IlSyu333W7LwxkZubtZwq', 'ss@gmail.com', NULL, 1, NULL, '2020-01-08 05:22:17', '2020-01-08 05:22:17', 1, NULL, NULL, NULL, 1);

-- --------------------------------------------------------

--
-- Table structure for table `admin_role`
--

CREATE TABLE `admin_role` (
  `id` bigint(20) UNSIGNED NOT NULL,
  `role_name` varchar(191) COLLATE utf8mb4_unicode_ci NOT NULL,
  `role_type` tinyint(4) DEFAULT NULL,
  `created_at` timestamp NULL DEFAULT NULL,
  `updated_at` timestamp NULL DEFAULT NULL,
  `created_by` int(11) DEFAULT NULL,
  `updated_by` int(11) DEFAULT NULL,
  `deleted_by` int(11) DEFAULT NULL,
  `deleted_at` timestamp NULL DEFAULT NULL,
  `valid` tinyint(4) NOT NULL
) ENGINE=InnoDB DEFAULT CHARSET=utf8mb4 COLLATE=utf8mb4_unicode_ci;

--
-- Dumping data for table `admin_role`
--

INSERT INTO `admin_role` (`id`, `role_name`, `role_type`, `created_at`, `updated_at`, `created_by`, `updated_by`, `deleted_by`, `deleted_at`, `valid`) VALUES
(1, 'administrator', NULL, '2019-10-20 22:17:30', '2019-10-22 22:42:43', 1, 1, 1, '2019-10-22 22:42:43', 0),
(2, 'administrator', NULL, '2019-10-22 23:21:29', '2019-10-29 05:39:18', 1, 1, 1, '2019-10-29 05:39:17', 0),
(3, 'demo role', NULL, '2019-10-29 05:39:46', '2019-10-31 00:10:01', 1, 1, 1, '2019-10-31 00:10:01', 0),
(4, 'admin role', NULL, '2019-11-02 00:21:30', '2019-11-02 00:22:17', 1, 1, 1, '2019-11-02 00:22:16', 0),
(5, 'Role admin', NULL, '2019-11-04 23:11:33', '2019-11-21 03:09:34', 1, 1, 1, '2019-11-21 03:09:34', 0),
(6, 'something', NULL, '2019-11-14 02:25:50', '2019-11-22 22:14:16', 1, 1, 1, '2019-11-22 22:14:16', 0),
(7, 'admin', NULL, '2019-11-21 00:31:53', '2019-11-21 00:31:53', 1, 1, NULL, NULL, 1),
(8, 'role2', NULL, '2019-11-21 03:08:31', '2019-11-21 03:08:31', 1, 1, NULL, NULL, 1),
(9, 'role3', NULL, '2019-11-21 03:09:09', '2019-11-21 03:09:09', 1, 1, NULL, NULL, 1),
(10, 'role5', NULL, '2019-11-22 22:07:22', '2019-11-22 22:07:22', 1, 1, NULL, NULL, 1),
(11, 'role6', NULL, '2019-11-26 03:03:26', '2019-11-27 23:41:37', 1, 1, 1, '2019-11-27 23:41:37', 0),
(12, 'role7', NULL, '2019-11-27 23:40:16', '2019-11-27 23:41:22', 1, 1, 1, '2019-11-27 23:41:22', 0),
(13, 'test role gui', NULL, '2020-01-13 04:02:58', '2020-01-13 04:02:58', 1, 1, NULL, NULL, 1);

-- --------------------------------------------------------

--
-- Table structure for table `admin_role_access`
--

CREATE TABLE `admin_role_access` (
  `id` bigint(20) UNSIGNED NOT NULL,
  `menu_id` int(11) DEFAULT NULL,
  `role_id` int(11) DEFAULT NULL,
  `interlink_id` int(11) DEFAULT NULL,
  `created_by` int(11) DEFAULT NULL,
  `updated_by` int(11) DEFAULT NULL,
  `deleted_by` int(11) DEFAULT NULL,
  `deleted_at` timestamp NULL DEFAULT NULL,
  `valid` tinyint(4) NOT NULL,
  `created_at` timestamp NULL DEFAULT NULL,
  `updated_at` timestamp NULL DEFAULT NULL
) ENGINE=InnoDB DEFAULT CHARSET=utf8mb4 COLLATE=utf8mb4_unicode_ci;

--
-- Dumping data for table `admin_role_access`
--

INSERT INTO `admin_role_access` (`id`, `menu_id`, `role_id`, `interlink_id`, `created_by`, `updated_by`, `deleted_by`, `deleted_at`, `valid`, `created_at`, `updated_at`) VALUES
(1, 1, 1, 0, 1, 1, 1, '2019-10-22 22:42:43', 0, '2019-10-21 00:55:46', '2019-10-22 22:42:43'),
(2, 1, 1, 11, 1, 1, 1, '2019-10-22 22:42:43', 0, '2019-10-21 00:55:46', '2019-10-22 22:42:43'),
(3, 1, 1, 12, 1, 1, 1, '2019-10-21 01:18:06', 0, '2019-10-21 00:55:46', '2019-10-21 01:18:06'),
(4, 1, 1, 13, 1, 1, 1, '2019-10-21 00:57:51', 0, '2019-10-21 00:55:46', '2019-10-21 00:57:51'),
(5, 2, 1, 0, 1, 1, 1, '2019-10-21 00:57:52', 0, '2019-10-21 00:55:46', '2019-10-21 00:57:52'),
(6, 2, 1, 8, 1, 1, 1, '2019-10-21 00:57:52', 0, '2019-10-21 00:55:46', '2019-10-21 00:57:52'),
(7, 2, 1, 9, 1, 1, 1, '2019-10-21 00:57:52', 0, '2019-10-21 00:55:46', '2019-10-21 00:57:52'),
(8, 2, 1, 10, 1, 1, 1, '2019-10-21 00:57:52', 0, '2019-10-21 00:55:46', '2019-10-21 00:57:52'),
(9, 9, 1, 0, 1, 1, 1, '2019-10-21 02:22:54', 0, '2019-10-21 00:57:52', '2019-10-21 02:22:54'),
(10, 9, 1, 17, 1, 1, 1, '2019-10-21 02:22:54', 0, '2019-10-21 00:57:52', '2019-10-21 02:22:54'),
(11, 9, 1, 18, 1, 1, 1, '2019-10-21 01:15:14', 0, '2019-10-21 00:57:52', '2019-10-21 01:15:14'),
(12, 8, 1, 14, 1, 1, 1, '2019-10-21 01:00:52', 0, '2019-10-21 00:59:10', '2019-10-21 01:00:52'),
(13, 8, 1, 15, 1, 1, 1, '2019-10-21 01:00:52', 0, '2019-10-21 00:59:10', '2019-10-21 01:00:52'),
(14, 8, 1, 16, 1, 1, 1, '2019-10-21 01:00:17', 0, '2019-10-21 00:59:11', '2019-10-21 01:00:17'),
(15, 8, 1, 0, 1, 1, 1, '2019-10-21 01:00:53', 0, '2019-10-21 00:59:11', '2019-10-21 01:00:53'),
(16, 7, 1, 0, 1, 1, 1, '2019-10-21 01:00:53', 0, '2019-10-21 00:59:11', '2019-10-21 01:00:53'),
(17, 9, 1, 19, 1, 1, 1, '2019-10-21 01:00:17', 0, '2019-10-21 00:59:11', '2019-10-21 01:00:17'),
(18, 2, 1, 0, 1, 1, 1, '2019-10-21 01:13:39', 0, '2019-10-21 01:01:34', '2019-10-21 01:13:39'),
(19, 2, 1, 10, 1, 1, 1, '2019-10-21 01:13:40', 0, '2019-10-21 01:01:34', '2019-10-21 01:13:40'),
(20, 1, 1, 12, 1, 1, 1, '2019-10-22 22:42:43', 0, '2019-10-21 01:22:39', '2019-10-22 22:42:43'),
(21, 9, 1, 18, 1, 1, 1, '2019-10-21 02:22:54', 0, '2019-10-21 01:22:39', '2019-10-21 02:22:54'),
(22, 1, 1, 13, 1, 1, 1, '2019-10-22 22:42:43', 0, '2019-10-21 02:19:07', '2019-10-22 22:42:43'),
(23, 2, 1, 8, 1, 1, 1, '2019-10-22 22:42:43', 0, '2019-10-21 02:19:07', '2019-10-22 22:42:43'),
(24, 2, 1, 9, 1, 1, 1, '2019-10-22 22:42:43', 0, '2019-10-21 02:19:07', '2019-10-22 22:42:43'),
(25, 2, 1, 10, 1, 1, 1, '2019-10-22 22:42:43', 0, '2019-10-21 02:19:07', '2019-10-22 22:42:43'),
(26, 2, 1, 0, 1, 1, 1, '2019-10-22 22:42:43', 0, '2019-10-21 02:19:07', '2019-10-22 22:42:43'),
(27, 3, 1, 0, 1, 1, 1, '2019-10-21 04:27:57', 0, '2019-10-21 03:10:04', '2019-10-21 04:27:57'),
(28, 4, 1, 0, 1, 1, 1, '2019-10-21 04:27:58', 0, '2019-10-21 03:10:04', '2019-10-21 04:27:58'),
(29, 6, 1, 0, 1, 1, 1, '2019-10-21 04:27:58', 0, '2019-10-21 03:10:04', '2019-10-21 04:27:58'),
(30, 9, 1, 0, 1, 1, 1, '2019-10-21 04:14:07', 0, '2019-10-21 03:10:29', '2019-10-21 04:14:07'),
(31, 7, 1, 0, 1, 1, 1, '2019-10-21 04:26:18', 0, '2019-10-21 03:10:29', '2019-10-21 04:26:18'),
(32, 8, 1, 0, 1, 1, 1, '2019-10-21 04:26:18', 0, '2019-10-21 03:10:29', '2019-10-21 04:26:18'),
(33, 6, 1, 7, 1, 1, 1, '2019-10-21 03:12:27', 0, '2019-10-21 03:10:29', '2019-10-21 03:12:27'),
(34, 8, 1, 14, 1, 1, 1, '2019-10-21 04:26:18', 0, '2019-10-21 03:12:28', '2019-10-21 04:26:18'),
(35, 8, 1, 15, 1, 1, 1, '2019-10-21 04:25:02', 0, '2019-10-21 03:12:28', '2019-10-21 04:25:02'),
(36, 8, 1, 16, 1, 1, 1, '2019-10-21 04:14:07', 0, '2019-10-21 03:12:28', '2019-10-21 04:14:07'),
(37, 9, 1, 18, 1, 1, 1, '2019-10-21 04:00:57', 0, '2019-10-21 03:12:28', '2019-10-21 04:00:57'),
(38, 9, 1, 17, 1, 1, 1, '2019-10-21 04:14:07', 0, '2019-10-21 04:04:28', '2019-10-21 04:14:07'),
(39, 9, 1, 18, 1, 1, 1, '2019-10-21 04:08:40', 0, '2019-10-21 04:04:28', '2019-10-21 04:08:40'),
(40, 9, 1, 19, 1, 1, 1, '2019-10-21 04:08:40', 0, '2019-10-21 04:04:28', '2019-10-21 04:08:40'),
(41, 9, 1, 0, 1, 1, 1, '2019-10-21 04:26:19', 0, '2019-10-21 04:16:25', '2019-10-21 04:26:19'),
(42, 9, 1, 17, 1, 1, 1, '2019-10-21 04:26:19', 0, '2019-10-21 04:16:25', '2019-10-21 04:26:19'),
(43, 9, 1, 18, 1, 1, 1, '2019-10-21 04:25:23', 0, '2019-10-21 04:16:25', '2019-10-21 04:25:23'),
(44, 6, 1, 7, 1, 1, 1, '2019-10-21 04:27:58', 0, '2019-10-21 04:26:19', '2019-10-21 04:27:58'),
(45, 3, 1, 0, 1, 1, 1, '2019-10-22 22:07:15', 0, '2019-10-22 03:18:25', '2019-10-22 22:07:15'),
(46, 4, 1, 0, 1, 1, 1, '2019-10-22 22:07:15', 0, '2019-10-22 03:18:25', '2019-10-22 22:07:15'),
(47, 6, 1, 0, 1, 1, 1, '2019-10-22 22:07:15', 0, '2019-10-22 03:18:25', '2019-10-22 22:07:15'),
(48, 7, 1, 0, 1, 1, 1, '2019-10-22 04:39:13', 0, '2019-10-22 03:18:25', '2019-10-22 04:39:13'),
(49, 8, 1, 0, 1, 1, 1, '2019-10-22 04:39:13', 0, '2019-10-22 03:18:25', '2019-10-22 04:39:13'),
(50, 8, 1, 14, 1, 1, 1, '2019-10-22 04:39:13', 0, '2019-10-22 03:18:25', '2019-10-22 04:39:13'),
(51, 1, 2, 0, 1, 1, 1, '2019-10-28 00:03:20', 0, '2019-10-22 23:21:30', '2019-10-28 00:03:20'),
(52, 1, 2, 11, 1, 1, 1, '2019-10-28 00:03:20', 0, '2019-10-22 23:21:30', '2019-10-28 00:03:20'),
(53, 1, 2, 12, 1, 1, 1, '2019-10-27 04:49:03', 0, '2019-10-22 23:21:30', '2019-10-27 04:49:03'),
(54, 1, 2, 13, 1, 1, 1, '2019-10-27 04:49:04', 0, '2019-10-22 23:21:30', '2019-10-27 04:49:04'),
(55, 2, 2, 0, 1, 1, 1, '2019-10-28 00:03:20', 0, '2019-10-22 23:21:30', '2019-10-28 00:03:20'),
(56, 2, 2, 8, 1, 1, 1, '2019-10-28 00:03:20', 0, '2019-10-22 23:21:30', '2019-10-28 00:03:20'),
(57, 2, 2, 9, 1, 1, 1, '2019-10-23 00:57:50', 0, '2019-10-22 23:21:30', '2019-10-23 00:57:50'),
(58, 2, 2, 10, 1, 1, 1, '2019-10-23 00:57:50', 0, '2019-10-22 23:21:30', '2019-10-23 00:57:50'),
(59, 2, 2, 9, 1, 1, 1, '2019-10-23 04:21:28', 0, '2019-10-23 02:39:03', '2019-10-23 04:21:28'),
(60, 2, 2, 10, 1, 1, 1, '2019-10-23 04:21:29', 0, '2019-10-23 02:39:03', '2019-10-23 04:21:29'),
(61, 3, 2, 0, 1, 1, 1, '2019-10-23 04:21:15', 0, '2019-10-23 02:39:03', '2019-10-23 04:21:15'),
(62, 4, 2, 0, 1, 1, 1, '2019-10-23 04:21:15', 0, '2019-10-23 02:39:04', '2019-10-23 04:21:15'),
(63, 6, 2, 20, 1, 1, 1, '2019-10-23 04:21:15', 0, '2019-10-23 02:39:04', '2019-10-23 04:21:15'),
(64, 6, 2, 21, 1, 1, 1, '2019-10-23 04:21:15', 0, '2019-10-23 02:39:04', '2019-10-23 04:21:15'),
(65, 6, 2, 22, 1, 1, 1, '2019-10-23 04:21:15', 0, '2019-10-23 02:39:04', '2019-10-23 04:21:15'),
(66, 6, 2, 0, 1, 1, 1, '2019-10-23 04:21:15', 0, '2019-10-23 02:39:04', '2019-10-23 04:21:15'),
(67, 2, 2, 9, 1, 1, 1, '2019-10-28 00:03:20', 0, '2019-10-23 21:31:09', '2019-10-28 00:03:20'),
(68, 2, 2, 10, 1, 1, 1, '2019-10-28 00:03:20', 0, '2019-10-23 21:31:09', '2019-10-28 00:03:20'),
(69, 3, 2, 0, 1, 1, 1, '2019-10-25 23:22:44', 0, '2019-10-23 21:32:30', '2019-10-25 23:22:44'),
(70, 4, 2, 0, 1, 1, 1, '2019-10-25 23:22:44', 0, '2019-10-23 21:32:30', '2019-10-25 23:22:44'),
(71, 6, 2, 20, 1, 1, 1, '2019-10-25 23:22:44', 0, '2019-10-23 21:32:30', '2019-10-25 23:22:44'),
(72, 6, 2, 21, 1, 1, 1, '2019-10-23 23:19:25', 0, '2019-10-23 21:32:30', '2019-10-23 23:19:25'),
(73, 6, 2, 22, 1, 1, 1, '2019-10-23 23:19:25', 0, '2019-10-23 21:32:30', '2019-10-23 23:19:25'),
(74, 6, 2, 0, 1, 1, 1, '2019-10-25 23:22:44', 0, '2019-10-23 21:32:31', '2019-10-25 23:22:44'),
(75, 9, 2, 0, 1, 1, 1, '2019-10-26 04:52:24', 0, '2019-10-25 23:22:45', '2019-10-26 04:52:24'),
(76, 9, 2, 17, 1, 1, 1, '2019-10-26 04:52:24', 0, '2019-10-25 23:22:45', '2019-10-26 04:52:24'),
(77, 9, 2, 18, 1, 1, 1, '2019-10-26 04:52:24', 0, '2019-10-25 23:22:45', '2019-10-26 04:52:24'),
(78, 9, 2, 19, 1, 1, 1, '2019-10-26 04:52:24', 0, '2019-10-25 23:22:45', '2019-10-26 04:52:24'),
(79, 8, 2, 0, 1, 1, 1, '2019-10-28 00:03:20', 0, '2019-10-26 22:46:57', '2019-10-28 00:03:20'),
(80, 8, 2, 14, 1, 1, 1, '2019-10-28 00:03:21', 0, '2019-10-26 22:46:58', '2019-10-28 00:03:21'),
(81, 8, 2, 15, 1, 1, 1, '2019-10-26 22:47:07', 0, '2019-10-26 22:46:58', '2019-10-26 22:47:07'),
(82, 8, 2, 16, 1, 1, 1, '2019-10-26 22:47:07', 0, '2019-10-26 22:46:58', '2019-10-26 22:47:07'),
(83, 7, 2, 0, 1, 1, 1, '2019-10-28 00:03:21', 0, '2019-10-27 04:49:22', '2019-10-28 00:03:21'),
(84, 6, 2, 0, 1, 1, 1, '2019-10-29 05:39:17', 0, '2019-10-28 00:02:58', '2019-10-29 05:39:17'),
(85, 4, 2, 0, 1, 1, 1, '2019-10-29 05:39:17', 0, '2019-10-28 00:02:58', '2019-10-29 05:39:18'),
(86, 3, 2, 0, 1, 1, 1, '2019-10-29 05:39:17', 0, '2019-10-28 00:02:58', '2019-10-29 05:39:18'),
(87, 6, 2, 20, 1, 1, 1, '2019-10-29 05:39:17', 0, '2019-10-28 00:02:58', '2019-10-29 05:39:18'),
(88, 9, 2, 0, 1, 1, 1, '2019-10-29 05:39:17', 0, '2019-10-28 00:03:21', '2019-10-29 05:39:18'),
(89, 9, 2, 17, 1, 1, 1, '2019-10-29 05:39:17', 0, '2019-10-28 00:03:21', '2019-10-29 05:39:18'),
(90, 9, 2, 18, 1, 1, 1, '2019-10-29 05:39:17', 0, '2019-10-28 00:03:21', '2019-10-29 05:39:18'),
(91, 9, 2, 19, 1, 1, 1, '2019-10-29 05:39:17', 0, '2019-10-28 00:03:21', '2019-10-29 05:39:18'),
(92, 1, 3, 0, 1, 1, 1, '2019-10-29 23:42:15', 0, '2019-10-29 05:39:46', '2019-10-29 23:42:15'),
(93, 1, 3, 11, 1, 1, 1, '2019-10-29 23:35:34', 0, '2019-10-29 05:39:46', '2019-10-29 23:35:34'),
(94, 1, 3, 12, 1, 1, 1, '2019-10-29 23:35:34', 0, '2019-10-29 05:39:46', '2019-10-29 23:35:34'),
(95, 1, 3, 13, 1, 1, 1, '2019-10-29 23:35:35', 0, '2019-10-29 05:39:46', '2019-10-29 23:35:35'),
(96, 4, 3, 0, 1, 1, 1, '2019-10-29 23:00:37', 0, '2019-10-29 05:39:46', '2019-10-29 23:00:37'),
(97, 6, 3, 20, 1, 1, 1, '2019-10-29 23:00:37', 0, '2019-10-29 05:39:47', '2019-10-29 23:00:37'),
(98, 6, 3, 21, 1, 1, 1, '2019-10-29 23:00:37', 0, '2019-10-29 05:39:47', '2019-10-29 23:00:37'),
(99, 6, 3, 0, 1, 1, 1, '2019-10-29 23:00:37', 0, '2019-10-29 05:39:47', '2019-10-29 23:00:37'),
(100, 8, 3, 0, 1, 1, 1, '2019-10-29 23:00:37', 0, '2019-10-29 22:53:59', '2019-10-29 23:00:37'),
(101, 8, 3, 14, 1, 1, 1, '2019-10-29 23:00:37', 0, '2019-10-29 22:53:59', '2019-10-29 23:00:37'),
(102, 8, 3, 15, 1, 1, 1, '2019-10-29 23:00:37', 0, '2019-10-29 22:53:59', '2019-10-29 23:00:37'),
(103, 8, 3, 16, 1, 1, 1, '2019-10-29 23:00:37', 0, '2019-10-29 22:53:59', '2019-10-29 23:00:37'),
(104, 9, 3, 0, 1, 1, 1, '2019-10-29 23:00:38', 0, '2019-10-29 22:54:31', '2019-10-29 23:00:38'),
(105, 9, 3, 17, 1, 1, 1, '2019-10-29 23:00:38', 0, '2019-10-29 22:54:31', '2019-10-29 23:00:38'),
(106, 9, 3, 18, 1, 1, 1, '2019-10-29 23:00:38', 0, '2019-10-29 22:54:31', '2019-10-29 23:00:38'),
(107, 9, 3, 19, 1, 1, 1, '2019-10-29 23:00:38', 0, '2019-10-29 22:54:31', '2019-10-29 23:00:38'),
(108, 3, 3, 0, 1, 1, 1, '2019-10-29 23:00:38', 0, '2019-10-29 22:57:12', '2019-10-29 23:00:38'),
(109, 7, 3, 0, 1, 1, 1, '2019-10-29 23:00:38', 0, '2019-10-29 22:57:12', '2019-10-29 23:00:38'),
(110, 7, 3, 0, 1, 1, 1, '2019-10-29 23:41:55', 0, '2019-10-29 23:18:29', '2019-10-29 23:41:55'),
(111, 8, 3, 14, 1, 1, 1, '2019-10-29 23:35:35', 0, '2019-10-29 23:18:30', '2019-10-29 23:35:35'),
(112, 8, 3, 15, 1, 1, 1, '2019-10-29 23:35:35', 0, '2019-10-29 23:18:30', '2019-10-29 23:35:35'),
(113, 8, 3, 16, 1, 1, 1, '2019-10-29 23:35:35', 0, '2019-10-29 23:18:30', '2019-10-29 23:35:35'),
(114, 8, 3, 0, 1, 1, 1, '2019-10-29 23:41:55', 0, '2019-10-29 23:18:30', '2019-10-29 23:41:55'),
(115, 3, 3, 0, 1, 1, 1, '2019-10-31 00:10:01', 0, '2019-10-29 23:18:30', '2019-10-31 00:10:01'),
(116, 4, 3, 0, 1, 1, 1, '2019-10-31 00:10:01', 0, '2019-10-29 23:18:30', '2019-10-31 00:10:01'),
(117, 6, 3, 20, 1, 1, 1, '2019-10-29 23:35:35', 0, '2019-10-29 23:18:30', '2019-10-29 23:35:35'),
(118, 6, 3, 21, 1, 1, 1, '2019-10-29 23:35:35', 0, '2019-10-29 23:18:30', '2019-10-29 23:35:35'),
(119, 6, 3, 0, 1, 1, 1, '2019-10-31 00:10:01', 0, '2019-10-29 23:18:30', '2019-10-31 00:10:01'),
(120, 2, 3, 0, 1, 1, 1, '2019-10-31 00:10:01', 0, '2019-10-29 23:33:12', '2019-10-31 00:10:01'),
(121, 2, 3, 8, 1, 1, 1, '2019-10-29 23:35:35', 0, '2019-10-29 23:33:12', '2019-10-29 23:35:35'),
(122, 2, 3, 9, 1, 1, 1, '2019-10-29 23:35:35', 0, '2019-10-29 23:33:12', '2019-10-29 23:35:35'),
(123, 2, 3, 10, 1, 1, 1, '2019-10-29 23:35:35', 0, '2019-10-29 23:33:12', '2019-10-29 23:35:35'),
(124, 9, 3, 0, 1, 1, 1, '2019-10-29 23:41:55', 0, '2019-10-29 23:33:13', '2019-10-29 23:41:55'),
(125, 9, 3, 17, 1, 1, 1, '2019-10-29 23:35:35', 0, '2019-10-29 23:33:13', '2019-10-29 23:35:35'),
(126, 9, 3, 18, 1, 1, 1, '2019-10-29 23:35:35', 0, '2019-10-29 23:33:13', '2019-10-29 23:35:35'),
(127, 9, 3, 19, 1, 1, 1, '2019-10-29 23:35:35', 0, '2019-10-29 23:33:13', '2019-10-29 23:35:35'),
(128, 1, 3, 11, 1, 1, 1, '2019-10-29 23:42:15', 0, '2019-10-29 23:40:46', '2019-10-29 23:42:15'),
(129, 1, 3, 12, 1, 1, 1, '2019-10-29 23:42:15', 0, '2019-10-29 23:40:46', '2019-10-29 23:42:15'),
(130, 1, 3, 13, 1, 1, 1, '2019-10-29 23:42:16', 0, '2019-10-29 23:40:46', '2019-10-29 23:42:16'),
(131, 2, 3, 8, 1, 1, 1, '2019-10-31 00:10:01', 0, '2019-10-29 23:40:46', '2019-10-31 00:10:01'),
(132, 2, 3, 9, 1, 1, 1, '2019-10-31 00:10:01', 0, '2019-10-29 23:40:46', '2019-10-31 00:10:01'),
(133, 2, 3, 10, 1, 1, 1, '2019-10-31 00:10:01', 0, '2019-10-29 23:40:46', '2019-10-31 00:10:01'),
(134, 6, 3, 20, 1, 1, 1, '2019-10-29 23:41:55', 0, '2019-10-29 23:40:46', '2019-10-29 23:41:55'),
(135, 6, 3, 21, 1, 1, 1, '2019-10-29 23:41:56', 0, '2019-10-29 23:40:46', '2019-10-29 23:41:56'),
(136, 8, 3, 14, 1, 1, 1, '2019-10-29 23:41:56', 0, '2019-10-29 23:40:46', '2019-10-29 23:41:56'),
(137, 8, 3, 15, 1, 1, 1, '2019-10-29 23:41:56', 0, '2019-10-29 23:40:46', '2019-10-29 23:41:56'),
(138, 8, 3, 16, 1, 1, 1, '2019-10-29 23:41:56', 0, '2019-10-29 23:40:46', '2019-10-29 23:41:56'),
(139, 9, 3, 17, 1, 1, 1, '2019-10-29 23:41:56', 0, '2019-10-29 23:40:46', '2019-10-29 23:41:56'),
(140, 9, 3, 18, 1, 1, 1, '2019-10-29 23:41:56', 0, '2019-10-29 23:40:46', '2019-10-29 23:41:56'),
(141, 9, 3, 19, 1, 1, 1, '2019-10-29 23:41:56', 0, '2019-10-29 23:40:46', '2019-10-29 23:41:56'),
(142, 1, 4, 11, 1, 1, 1, '2019-11-02 00:22:16', 0, '2019-11-02 00:21:30', '2019-11-02 00:22:16'),
(143, 1, 4, 12, 1, 1, 1, '2019-11-02 00:22:16', 0, '2019-11-02 00:21:30', '2019-11-02 00:22:16'),
(144, 1, 4, 13, 1, 1, 1, '2019-11-02 00:22:16', 0, '2019-11-02 00:21:30', '2019-11-02 00:22:16'),
(145, 1, 4, 0, 1, 1, 1, '2019-11-02 00:22:16', 0, '2019-11-02 00:21:30', '2019-11-02 00:22:16'),
(146, 12, 4, 25, 1, 1, 1, '2019-11-02 00:22:16', 0, '2019-11-02 00:22:11', '2019-11-02 00:22:16'),
(147, 12, 4, 26, 1, 1, 1, '2019-11-02 00:22:16', 0, '2019-11-02 00:22:11', '2019-11-02 00:22:16'),
(148, 12, 4, 27, 1, 1, 1, '2019-11-02 00:22:16', 0, '2019-11-02 00:22:11', '2019-11-02 00:22:16'),
(149, 12, 4, 0, 1, 1, 1, '2019-11-02 00:22:16', 0, '2019-11-02 00:22:11', '2019-11-02 00:22:17'),
(150, 1, 5, 11, 1, 1, 1, '2019-11-14 02:19:22', 0, '2019-11-04 23:11:33', '2019-11-14 02:19:22'),
(151, 1, 5, 12, 1, 1, 1, '2019-11-14 02:11:53', 0, '2019-11-04 23:11:33', '2019-11-14 02:11:53'),
(152, 1, 5, 13, 1, 1, 1, '2019-11-14 02:19:22', 0, '2019-11-04 23:11:33', '2019-11-14 02:19:22'),
(153, 1, 5, 0, 1, 1, 1, '2019-11-14 02:19:22', 0, '2019-11-04 23:11:33', '2019-11-14 02:19:22'),
(154, 2, 5, 8, 1, 1, 1, '2019-11-13 03:21:50', 0, '2019-11-04 23:11:33', '2019-11-13 03:21:50'),
(155, 2, 5, 9, 1, 1, 1, '2019-11-13 03:21:50', 0, '2019-11-04 23:11:33', '2019-11-13 03:21:50'),
(156, 2, 5, 10, 1, 1, 1, '2019-11-13 03:22:14', 0, '2019-11-04 23:11:33', '2019-11-13 03:22:14'),
(157, 2, 5, 0, 1, 1, 1, '2019-11-14 02:13:57', 0, '2019-11-04 23:11:33', '2019-11-14 02:13:57'),
(158, 9, 5, 17, 1, 1, 1, '2019-11-09 00:11:05', 0, '2019-11-04 23:11:33', '2019-11-09 00:11:05'),
(159, 9, 5, 18, 1, 1, 1, '2019-11-09 00:11:05', 0, '2019-11-04 23:11:33', '2019-11-09 00:11:05'),
(160, 9, 5, 19, 1, 1, 1, '2019-11-09 00:11:05', 0, '2019-11-04 23:11:33', '2019-11-09 00:11:05'),
(161, 9, 5, 0, 1, 1, 1, '2019-11-09 00:12:05', 0, '2019-11-04 23:11:33', '2019-11-09 00:12:05'),
(162, 10, 5, 0, 1, 1, 1, '2019-11-04 23:12:58', 0, '2019-11-04 23:11:33', '2019-11-04 23:12:58'),
(163, 11, 5, 22, 1, 1, 1, '2019-11-04 23:12:58', 0, '2019-11-04 23:11:34', '2019-11-04 23:12:58'),
(164, 11, 5, 23, 1, 1, 1, '2019-11-04 23:12:58', 0, '2019-11-04 23:11:34', '2019-11-04 23:12:58'),
(165, 11, 5, 24, 1, 1, 1, '2019-11-04 23:12:58', 0, '2019-11-04 23:11:34', '2019-11-04 23:12:58'),
(166, 11, 5, 0, 1, 1, 1, '2019-11-04 23:12:58', 0, '2019-11-04 23:11:34', '2019-11-04 23:12:58'),
(167, 12, 5, 25, 1, 1, 1, '2019-11-04 23:12:58', 0, '2019-11-04 23:11:34', '2019-11-04 23:12:58'),
(168, 12, 5, 26, 1, 1, 1, '2019-11-04 23:12:58', 0, '2019-11-04 23:11:34', '2019-11-04 23:12:58'),
(169, 12, 5, 27, 1, 1, 1, '2019-11-04 23:12:58', 0, '2019-11-04 23:11:34', '2019-11-04 23:12:58'),
(170, 12, 5, 0, 1, 1, 1, '2019-11-04 23:12:58', 0, '2019-11-04 23:11:34', '2019-11-04 23:12:58'),
(171, 13, 5, 28, 1, 1, 1, '2019-11-04 23:12:58', 0, '2019-11-04 23:11:34', '2019-11-04 23:12:58'),
(172, 13, 5, 29, 1, 1, 1, '2019-11-04 23:12:58', 0, '2019-11-04 23:11:34', '2019-11-04 23:12:58'),
(173, 13, 5, 30, 1, 1, 1, '2019-11-04 23:12:58', 0, '2019-11-04 23:11:34', '2019-11-04 23:12:58'),
(174, 13, 5, 0, 1, 1, 1, '2019-11-04 23:12:59', 0, '2019-11-04 23:11:34', '2019-11-04 23:12:59'),
(175, 14, 5, 31, 1, 1, 1, '2019-11-04 23:12:59', 0, '2019-11-04 23:11:34', '2019-11-04 23:12:59'),
(176, 14, 5, 32, 1, 1, 1, '2019-11-04 23:12:59', 0, '2019-11-04 23:11:34', '2019-11-04 23:12:59'),
(177, 14, 5, 33, 1, 1, 1, '2019-11-04 23:12:59', 0, '2019-11-04 23:11:34', '2019-11-04 23:12:59'),
(178, 14, 5, 0, 1, 1, 1, '2019-11-04 23:12:59', 0, '2019-11-04 23:11:34', '2019-11-04 23:12:59'),
(179, 15, 5, 34, 1, 1, 1, '2019-11-04 23:12:59', 0, '2019-11-04 23:11:34', '2019-11-04 23:12:59'),
(180, 15, 5, 35, 1, 1, 1, '2019-11-04 23:12:59', 0, '2019-11-04 23:11:34', '2019-11-04 23:12:59'),
(181, 15, 5, 36, 1, 1, 1, '2019-11-04 23:12:59', 0, '2019-11-04 23:11:34', '2019-11-04 23:12:59'),
(182, 15, 5, 0, 1, 1, 1, '2019-11-04 23:12:59', 0, '2019-11-04 23:11:34', '2019-11-04 23:12:59'),
(183, 2, 5, 9, 1, 1, 1, '2019-11-14 02:13:57', 0, '2019-11-13 03:22:14', '2019-11-14 02:13:57'),
(184, 2, 5, 8, 1, 1, 1, '2019-11-14 02:13:57', 0, '2019-11-13 03:25:19', '2019-11-14 02:13:57'),
(185, 1, 5, 12, 1, 1, 1, '2019-11-14 02:19:23', 0, '2019-11-14 02:13:13', '2019-11-14 02:19:23'),
(186, 2, 5, 10, 1, 1, 1, '2019-11-14 02:13:58', 0, '2019-11-14 02:13:13', '2019-11-14 02:13:58'),
(187, 9, 5, 17, 1, 1, 1, '2019-11-14 02:19:23', 0, '2019-11-14 02:13:13', '2019-11-14 02:19:23'),
(188, 9, 5, 18, 1, 1, 1, '2019-11-14 02:19:23', 0, '2019-11-14 02:13:13', '2019-11-14 02:19:23'),
(189, 9, 5, 19, 1, 1, 1, '2019-11-14 02:19:23', 0, '2019-11-14 02:13:13', '2019-11-14 02:19:23'),
(190, 9, 5, 0, 1, 1, 1, '2019-11-14 02:19:23', 0, '2019-11-14 02:13:13', '2019-11-14 02:19:23'),
(191, 10, 5, 0, 1, 1, 1, '2019-11-14 02:23:47', 0, '2019-11-14 02:19:23', '2019-11-14 02:23:47'),
(192, 11, 5, 22, 1, 1, 1, '2019-11-14 02:23:47', 0, '2019-11-14 02:19:23', '2019-11-14 02:23:47'),
(193, 11, 5, 23, 1, 1, 1, '2019-11-14 02:23:47', 0, '2019-11-14 02:19:23', '2019-11-14 02:23:47'),
(194, 11, 5, 24, 1, 1, 1, '2019-11-14 02:23:47', 0, '2019-11-14 02:19:23', '2019-11-14 02:23:47'),
(195, 11, 5, 0, 1, 1, 1, '2019-11-14 02:23:47', 0, '2019-11-14 02:19:23', '2019-11-14 02:23:47'),
(196, 12, 5, 25, 1, 1, 1, '2019-11-14 02:23:47', 0, '2019-11-14 02:19:23', '2019-11-14 02:23:47'),
(197, 12, 5, 26, 1, 1, 1, '2019-11-14 02:23:47', 0, '2019-11-14 02:19:23', '2019-11-14 02:23:47'),
(198, 12, 5, 27, 1, 1, 1, '2019-11-14 02:23:47', 0, '2019-11-14 02:19:23', '2019-11-14 02:23:47'),
(199, 12, 5, 0, 1, 1, 1, '2019-11-14 02:23:47', 0, '2019-11-14 02:19:23', '2019-11-14 02:23:47'),
(200, 13, 5, 28, 1, 1, 1, '2019-11-14 02:23:48', 0, '2019-11-14 02:19:23', '2019-11-14 02:23:48'),
(201, 13, 5, 29, 1, 1, 1, '2019-11-14 02:23:48', 0, '2019-11-14 02:19:23', '2019-11-14 02:23:48'),
(202, 13, 5, 30, 1, 1, 1, '2019-11-14 02:23:48', 0, '2019-11-14 02:19:23', '2019-11-14 02:23:48'),
(203, 13, 5, 0, 1, 1, 1, '2019-11-14 02:23:48', 0, '2019-11-14 02:19:23', '2019-11-14 02:23:48'),
(204, 14, 5, 31, 1, 1, 1, '2019-11-14 02:23:48', 0, '2019-11-14 02:19:23', '2019-11-14 02:23:48'),
(205, 14, 5, 32, 1, 1, 1, '2019-11-14 02:23:48', 0, '2019-11-14 02:19:23', '2019-11-14 02:23:48'),
(206, 14, 5, 33, 1, 1, 1, '2019-11-14 02:23:48', 0, '2019-11-14 02:19:23', '2019-11-14 02:23:48'),
(207, 14, 5, 0, 1, 1, 1, '2019-11-14 02:23:48', 0, '2019-11-14 02:19:23', '2019-11-14 02:23:48'),
(208, 15, 5, 34, 1, 1, 1, '2019-11-14 02:23:48', 0, '2019-11-14 02:19:23', '2019-11-14 02:23:48'),
(209, 15, 5, 35, 1, 1, 1, '2019-11-14 02:23:48', 0, '2019-11-14 02:19:23', '2019-11-14 02:23:48'),
(210, 15, 5, 36, 1, 1, 1, '2019-11-14 02:23:48', 0, '2019-11-14 02:19:23', '2019-11-14 02:23:48'),
(211, 15, 5, 0, 1, 1, 1, '2019-11-14 02:23:48', 0, '2019-11-14 02:19:23', '2019-11-14 02:23:48'),
(212, 1, 12, 11, 1, 1, 1, '2019-11-27 23:41:01', 0, '2019-11-14 02:23:48', '2019-11-27 23:41:01'),
(213, 1, 5, 12, 1, 1, 1, '2019-11-18 03:34:59', 0, '2019-11-14 02:23:48', '2019-11-18 03:34:59'),
(214, 1, 5, 13, 1, 1, 1, '2019-11-18 03:34:59', 0, '2019-11-14 02:23:48', '2019-11-18 03:34:59'),
(215, 1, 12, 0, 1, 1, 1, '2019-11-27 23:41:01', 0, '2019-11-14 02:23:48', '2019-11-27 23:41:01'),
(216, 2, 12, 8, 1, 1, NULL, '2019-11-27 23:41:22', 1, '2019-11-14 02:25:50', '2019-11-27 23:41:22'),
(217, 2, 6, 9, 1, 1, 1, '2019-11-18 03:35:20', 0, '2019-11-14 02:25:50', '2019-11-18 03:35:20'),
(218, 2, 6, 10, 1, 1, 1, '2019-11-18 03:35:20', 0, '2019-11-14 02:25:50', '2019-11-18 03:35:20'),
(219, 2, 12, 0, 1, 1, NULL, '2019-11-27 23:41:22', 1, '2019-11-14 02:25:50', '2019-11-27 23:41:22'),
(220, 9, 6, 17, 1, 1, 1, '2019-11-17 23:16:58', 0, '2019-11-17 23:16:42', '2019-11-17 23:16:58'),
(221, 9, 6, 18, 1, 1, 1, '2019-11-17 23:16:58', 0, '2019-11-17 23:16:42', '2019-11-17 23:16:58'),
(222, 9, 6, 19, 1, 1, 1, '2019-11-17 23:16:58', 0, '2019-11-17 23:16:42', '2019-11-17 23:16:58'),
(223, 9, 6, 0, 1, 1, 1, '2019-11-17 23:16:58', 0, '2019-11-17 23:16:42', '2019-11-17 23:16:58'),
(224, 9, 13, 17, 1, 1, NULL, NULL, 1, '2019-11-17 23:17:14', '2020-01-13 04:02:58'),
(225, 9, 5, 18, 1, 1, 1, '2019-11-18 03:34:59', 0, '2019-11-17 23:17:14', '2019-11-18 03:34:59'),
(226, 9, 5, 19, 1, 1, 1, '2019-11-18 03:34:59', 0, '2019-11-17 23:17:14', '2019-11-18 03:34:59'),
(227, 9, 13, 0, 1, 1, NULL, NULL, 1, '2019-11-17 23:17:14', '2020-01-13 04:02:58'),
(228, 11, 5, 22, 1, 1, 1, '2019-11-21 03:09:34', 0, '2019-11-18 03:34:42', '2019-11-21 03:09:34'),
(229, 11, 5, 23, 1, 1, 1, '2019-11-18 03:35:00', 0, '2019-11-18 03:34:42', '2019-11-18 03:35:00'),
(230, 11, 5, 24, 1, 1, 1, '2019-11-18 03:35:00', 0, '2019-11-18 03:34:42', '2019-11-18 03:35:00'),
(231, 11, 5, 0, 1, 1, 1, '2019-11-21 03:09:34', 0, '2019-11-18 03:34:42', '2019-11-21 03:09:34'),
(232, 2, 7, 9, 1, 1, 1, '2019-11-23 21:27:36', 0, '2019-11-19 03:57:50', '2019-11-23 21:27:36'),
(233, 2, 7, 10, 1, 1, 1, '2019-11-23 21:27:36', 0, '2019-11-19 03:57:50', '2019-11-23 21:27:36'),
(234, 1, 12, 12, 1, 1, 1, '2019-11-27 23:41:01', 0, '2019-11-19 03:57:50', '2019-11-27 23:41:01'),
(235, 1, 11, 13, 1, 1, NULL, '2019-11-27 23:41:37', 1, '2019-11-19 03:57:50', '2019-11-27 23:41:37'),
(236, 9, 13, 18, 1, 1, NULL, NULL, 1, '2019-11-19 03:57:50', '2020-01-13 04:02:58'),
(237, 9, 13, 19, 1, 1, NULL, NULL, 1, '2019-11-19 03:57:50', '2020-01-13 04:02:58'),
(238, 11, 10, 22, 1, 1, 1, '2019-11-22 22:16:36', 0, '2019-11-22 22:06:44', '2019-11-22 22:16:36'),
(239, 11, 7, 23, 1, 1, 1, '2019-11-22 23:27:47', 0, '2019-11-22 22:06:44', '2019-11-22 23:27:47'),
(240, 11, 10, 24, 1, 1, 1, '2019-11-22 22:16:36', 0, '2019-11-22 22:06:44', '2019-11-22 22:16:36'),
(241, 11, 7, 0, 1, 1, 1, '2019-11-22 23:27:48', 0, '2019-11-22 22:06:44', '2019-11-22 23:27:48'),
(242, 12, 10, 25, 1, 1, 1, '2019-11-22 22:16:36', 0, '2019-11-22 22:06:44', '2019-11-22 22:16:36'),
(243, 12, 10, 26, 1, 1, 1, '2019-11-22 22:16:36', 0, '2019-11-22 22:06:44', '2019-11-22 22:16:36'),
(244, 12, 10, 27, 1, 1, 1, '2019-11-22 22:16:36', 0, '2019-11-22 22:06:45', '2019-11-22 22:16:36'),
(245, 12, 10, 0, 1, 1, 1, '2019-11-22 22:16:36', 0, '2019-11-22 22:06:45', '2019-11-22 22:16:36'),
(246, 10, 10, 0, 1, 1, 1, '2019-11-22 22:16:37', 0, '2019-11-22 22:07:35', '2019-11-22 22:16:37'),
(247, 13, 10, 28, 1, 1, 1, '2019-11-22 22:16:37', 0, '2019-11-22 22:07:35', '2019-11-22 22:16:37'),
(248, 13, 10, 29, 1, 1, 1, '2019-11-22 22:16:37', 0, '2019-11-22 22:07:36', '2019-11-22 22:16:37'),
(249, 13, 10, 30, 1, 1, 1, '2019-11-22 22:16:37', 0, '2019-11-22 22:07:36', '2019-11-22 22:16:37'),
(250, 13, 10, 0, 1, 1, 1, '2019-11-22 22:16:37', 0, '2019-11-22 22:07:36', '2019-11-22 22:16:37'),
(251, 14, 10, 31, 1, 1, 1, '2019-11-22 22:16:37', 0, '2019-11-22 22:07:36', '2019-11-22 22:16:37'),
(252, 14, 10, 32, 1, 1, 1, '2019-11-22 22:16:37', 0, '2019-11-22 22:07:36', '2019-11-22 22:16:37'),
(253, 14, 10, 33, 1, 1, 1, '2019-11-22 22:16:37', 0, '2019-11-22 22:07:36', '2019-11-22 22:16:37'),
(254, 14, 10, 0, 1, 1, 1, '2019-11-22 22:16:37', 0, '2019-11-22 22:07:36', '2019-11-22 22:16:37'),
(255, 15, 10, 34, 1, 1, 1, '2019-11-22 22:16:37', 0, '2019-11-22 22:07:36', '2019-11-22 22:16:37'),
(256, 15, 10, 35, 1, 1, 1, '2019-11-22 22:16:37', 0, '2019-11-22 22:07:36', '2019-11-22 22:16:37'),
(257, 15, 10, 36, 1, 1, 1, '2019-11-22 22:16:37', 0, '2019-11-22 22:07:36', '2019-11-22 22:16:37'),
(258, 15, 10, 0, 1, 1, 1, '2019-11-22 22:16:37', 0, '2019-11-22 22:07:36', '2019-11-22 22:16:37'),
(259, 10, 7, 0, 1, 1, 1, '2019-11-22 23:27:48', 0, '2019-11-22 23:27:29', '2019-11-22 23:27:48'),
(260, 11, 7, 22, 1, 1, 1, '2019-11-22 23:27:48', 0, '2019-11-22 23:27:29', '2019-11-22 23:27:48'),
(261, 11, 7, 24, 1, 1, 1, '2019-11-22 23:27:48', 0, '2019-11-22 23:27:29', '2019-11-22 23:27:48'),
(262, 12, 7, 25, 1, 1, 1, '2019-11-22 23:27:48', 0, '2019-11-22 23:27:29', '2019-11-22 23:27:48'),
(263, 12, 7, 26, 1, 1, 1, '2019-11-22 23:27:48', 0, '2019-11-22 23:27:29', '2019-11-22 23:27:48'),
(264, 12, 7, 27, 1, 1, 1, '2019-11-22 23:27:48', 0, '2019-11-22 23:27:29', '2019-11-22 23:27:48'),
(265, 12, 7, 0, 1, 1, 1, '2019-11-22 23:27:48', 0, '2019-11-22 23:27:29', '2019-11-22 23:27:48'),
(266, 13, 7, 28, 1, 1, 1, '2019-11-22 23:27:48', 0, '2019-11-22 23:27:29', '2019-11-22 23:27:48'),
(267, 13, 7, 29, 1, 1, 1, '2019-11-22 23:27:48', 0, '2019-11-22 23:27:29', '2019-11-22 23:27:48'),
(268, 13, 7, 30, 1, 1, 1, '2019-11-22 23:27:48', 0, '2019-11-22 23:27:29', '2019-11-22 23:27:48'),
(269, 13, 7, 0, 1, 1, 1, '2019-11-22 23:27:48', 0, '2019-11-22 23:27:29', '2019-11-22 23:27:48'),
(270, 14, 7, 31, 1, 1, 1, '2019-11-22 23:27:48', 0, '2019-11-22 23:27:29', '2019-11-22 23:27:48'),
(271, 14, 7, 32, 1, 1, 1, '2019-11-22 23:27:48', 0, '2019-11-22 23:27:29', '2019-11-22 23:27:48'),
(272, 14, 7, 33, 1, 1, 1, '2019-11-22 23:27:49', 0, '2019-11-22 23:27:29', '2019-11-22 23:27:49'),
(273, 14, 7, 0, 1, 1, 1, '2019-11-22 23:27:49', 0, '2019-11-22 23:27:29', '2019-11-22 23:27:49'),
(274, 15, 7, 34, 1, 1, 1, '2019-11-22 23:27:49', 0, '2019-11-22 23:27:29', '2019-11-22 23:27:49'),
(275, 15, 7, 35, 1, 1, 1, '2019-11-22 23:27:49', 0, '2019-11-22 23:27:29', '2019-11-22 23:27:49'),
(276, 15, 7, 36, 1, 1, 1, '2019-11-22 23:27:49', 0, '2019-11-22 23:27:29', '2019-11-22 23:27:49'),
(277, 15, 7, 0, 1, 1, 1, '2019-11-22 23:27:49', 0, '2019-11-22 23:27:29', '2019-11-22 23:27:49'),
(278, 19, 10, 0, 1, 1, 1, '2019-11-25 21:35:18', 0, '2019-11-22 23:27:29', '2019-11-25 21:35:18'),
(279, 20, 10, 0, 1, 1, 1, '2019-11-25 21:35:18', 0, '2019-11-22 23:27:29', '2019-11-25 21:35:18'),
(280, 21, 7, 41, 1, 1, 1, '2019-11-22 23:28:16', 0, '2019-11-22 23:27:29', '2019-11-22 23:28:16'),
(281, 21, 7, 42, 1, 1, 1, '2019-11-22 23:28:16', 0, '2019-11-22 23:27:29', '2019-11-22 23:28:16'),
(282, 21, 7, 43, 1, 1, 1, '2019-11-22 23:28:16', 0, '2019-11-22 23:27:30', '2019-11-22 23:28:16'),
(283, 21, 10, 0, 1, 1, 1, '2019-11-25 21:35:18', 0, '2019-11-22 23:27:30', '2019-11-25 21:35:18'),
(284, 21, 10, 41, 1, 1, 1, '2019-11-23 00:17:26', 0, '2019-11-23 00:16:09', '2019-11-23 00:17:26'),
(285, 21, 10, 42, 1, 1, 1, '2019-11-23 00:17:26', 0, '2019-11-23 00:16:09', '2019-11-23 00:17:26'),
(286, 21, 10, 43, 1, 1, 1, '2019-11-25 21:35:18', 0, '2019-11-23 00:16:09', '2019-11-25 21:35:18'),
(287, 10, 10, 0, 1, 1, NULL, NULL, 1, '2019-11-25 21:35:18', '2019-11-25 21:35:18'),
(288, 11, 10, 0, 1, 1, NULL, NULL, 1, '2019-11-25 21:35:18', '2019-11-25 21:35:18'),
(289, 11, 10, 23, 1, 1, NULL, NULL, 1, '2019-11-25 21:35:18', '2019-11-25 21:35:18'),
(290, 11, 10, 22, 1, 1, NULL, NULL, 1, '2019-11-26 03:01:45', '2019-11-26 03:01:45'),
(291, 11, 10, 24, 1, 1, NULL, NULL, 1, '2019-11-26 03:01:45', '2019-11-26 03:01:45'),
(292, 2, 12, 9, 1, 1, NULL, '2019-11-27 23:41:22', 1, '2019-11-26 03:03:26', '2019-11-27 23:41:22'),
(293, 2, 12, 10, 1, 1, NULL, '2019-11-27 23:41:22', 1, '2019-11-27 23:40:16', '2019-11-27 23:41:22'),
(294, 29, 13, 0, 1, 1, NULL, NULL, 1, '2020-01-13 04:02:58', '2020-01-13 04:02:58'),
(295, 1, 13, 11, 1, 1, NULL, NULL, 1, '2020-01-13 04:02:58', '2020-01-13 04:02:58'),
(296, 1, 13, 12, 1, 1, NULL, NULL, 1, '2020-01-13 04:02:58', '2020-01-13 04:02:58'),
(297, 1, 13, 13, 1, 1, NULL, NULL, 1, '2020-01-13 04:02:58', '2020-01-13 04:02:58'),
(298, 1, 13, 0, 1, 1, NULL, NULL, 1, '2020-01-13 04:02:58', '2020-01-13 04:02:58'),
(299, 2, 13, 9, 1, 1, NULL, NULL, 1, '2020-01-13 04:02:58', '2020-01-13 04:02:58'),
(300, 2, 13, 10, 1, 1, NULL, NULL, 1, '2020-01-13 04:02:58', '2020-01-13 04:02:58'),
(301, 2, 13, 0, 1, 1, NULL, NULL, 1, '2020-01-13 04:02:58', '2020-01-13 04:02:58'),
(302, 18, 13, 37, 1, 1, NULL, NULL, 1, '2020-01-13 04:02:58', '2020-01-13 04:02:58'),
(303, 18, 13, 38, 1, 1, NULL, NULL, 1, '2020-01-13 04:02:59', '2020-01-13 04:02:59'),
(304, 18, 13, 40, 1, 1, NULL, NULL, 1, '2020-01-13 04:02:59', '2020-01-13 04:02:59'),
(305, 18, 13, 0, 1, 1, NULL, NULL, 1, '2020-01-13 04:02:59', '2020-01-13 04:02:59'),
(306, 43, 13, 0, 1, 1, NULL, NULL, 1, '2020-01-13 04:02:59', '2020-01-13 04:02:59'),
(307, 45, 13, 65, 1, 1, NULL, NULL, 1, '2020-01-13 04:02:59', '2020-01-13 04:02:59'),
(308, 45, 13, 66, 1, 1, NULL, NULL, 1, '2020-01-13 04:02:59', '2020-01-13 04:02:59'),
(309, 45, 13, 67, 1, 1, NULL, NULL, 1, '2020-01-13 04:02:59', '2020-01-13 04:02:59'),
(310, 45, 13, 0, 1, 1, NULL, NULL, 1, '2020-01-13 04:02:59', '2020-01-13 04:02:59');

-- --------------------------------------------------------

--
-- Table structure for table `inv_ar_transaction`
--

CREATE TABLE `inv_ar_transaction` (
  `id` int(11) NOT NULL,
  `pos_id` int(11) NOT NULL,
  `customer_id` varchar(255) NOT NULL,
  `date` date NOT NULL,
  `ar_sale` double(16,2) DEFAULT NULL,
  `ar_payment` double(16,2) DEFAULT 0.00,
  `created_by` int(11) DEFAULT NULL,
  `created_at` timestamp NULL DEFAULT NULL,
  `updated_by` int(11) DEFAULT NULL,
  `updated_at` timestamp NULL DEFAULT NULL,
  `deleted_by` int(11) DEFAULT NULL,
  `deleted_at` timestamp NULL DEFAULT NULL,
  `valid` int(11) NOT NULL DEFAULT 1
) ENGINE=InnoDB DEFAULT CHARSET=utf8;

-- --------------------------------------------------------

--
-- Table structure for table `inv_company_configure`
--

CREATE TABLE `inv_company_configure` (
  `id` int(11) NOT NULL,
  `company_name` varchar(150) DEFAULT NULL,
  `company_address` text DEFAULT NULL,
  `company_city` varchar(100) DEFAULT NULL,
  `comany_state` varchar(50) DEFAULT NULL,
  `company_zip_code` varchar(50) DEFAULT NULL,
  `company_phone` varchar(20) DEFAULT NULL,
  `company_fax` varchar(50) DEFAULT NULL,
  `company_email` varchar(100) DEFAULT NULL,
  `next_invoice_num` varchar(100) DEFAULT NULL,
  `next_po_number` varchar(100) DEFAULT NULL,
  `sales_tax_a` float(11,2) DEFAULT NULL,
  `sales_tax_b` float(11,2) DEFAULT NULL,
  `sales_tax_c` float(11,2) DEFAULT NULL,
  `sales_tax_d` float(11,2) DEFAULT NULL,
  `account_header_a` varchar(50) DEFAULT NULL,
  `account_header_b` varchar(50) DEFAULT NULL,
  `account_header_c` varchar(50) DEFAULT NULL,
  `account_header_d` varchar(50) DEFAULT NULL,
  `invoice_info_a` varchar(100) DEFAULT NULL,
  `invoice_info_b` varchar(100) DEFAULT NULL,
  `invoice_info_c` varchar(100) DEFAULT NULL,
  `invoice_info_d` varchar(100) DEFAULT NULL,
  `invoice_info_e` varchar(100) DEFAULT NULL,
  `show_pos_startup` tinyint(4) DEFAULT NULL,
  `markup_method` tinyint(4) DEFAULT NULL,
  `save_invoice` tinyint(4) DEFAULT NULL,
  `save_quotations` int(11) DEFAULT NULL,
  `barcode` tinyint(4) DEFAULT NULL,
  `charge_interest_ar` float(11,2) DEFAULT NULL,
  `calculate_profit_type` tinyint(4) DEFAULT NULL COMMENT '1-last_cost,2-avg_cost',
  `ar_interest` tinyint(4) DEFAULT NULL,
  `ar_term` tinyint(4) DEFAULT NULL,
  `ar_install` tinyint(4) DEFAULT NULL,
  `po_install` tinyint(4) DEFAULT NULL,
  `gl_install` tinyint(4) DEFAULT NULL,
  `lawway_install` tinyint(4) DEFAULT NULL,
  `multi_user` tinyint(4) DEFAULT NULL,
  `company_pic` varchar(200) DEFAULT NULL,
  `backup_path` varchar(200) DEFAULT NULL,
  `manual_invoice_number` tinyint(4) DEFAULT NULL,
  `ar_signeture` tinyint(4) DEFAULT NULL,
  `default_paytype_index` tinyint(4) DEFAULT NULL,
  `decimal_price` tinyint(4) DEFAULT NULL,
  `display_price_pos` tinyint(4) DEFAULT NULL,
  `require_pos_login` tinyint(4) DEFAULT NULL,
  `require_open_drawer` tinyint(4) DEFAULT NULL,
  `auto_customer_num` tinyint(4) DEFAULT NULL,
  `auto_invoice_num` tinyint(4) DEFAULT NULL,
  `next_customer_num` varchar(100) DEFAULT NULL,
  `allow_trade_in` tinyint(4) DEFAULT NULL,
  `next_trade_number` varchar(100) DEFAULT NULL,
  `details_statement` varchar(200) DEFAULT NULL,
  `allow_payout` tinyint(4) DEFAULT NULL,
  `print_payout` tinyint(4) DEFAULT NULL,
  `created_by` int(11) NOT NULL,
  `created_at` timestamp NOT NULL DEFAULT current_timestamp() ON UPDATE current_timestamp(),
  `updated_by` int(11) NOT NULL,
  `updated_at` timestamp NOT NULL DEFAULT '0000-00-00 00:00:00',
  `deleted_by` int(11) DEFAULT NULL,
  `deleted_at` timestamp NULL DEFAULT NULL,
  `valid` int(11) NOT NULL DEFAULT 1
) ENGINE=InnoDB DEFAULT CHARSET=utf8;

--
-- Dumping data for table `inv_company_configure`
--

INSERT INTO `inv_company_configure` (`id`, `company_name`, `company_address`, `company_city`, `comany_state`, `company_zip_code`, `company_phone`, `company_fax`, `company_email`, `next_invoice_num`, `next_po_number`, `sales_tax_a`, `sales_tax_b`, `sales_tax_c`, `sales_tax_d`, `account_header_a`, `account_header_b`, `account_header_c`, `account_header_d`, `invoice_info_a`, `invoice_info_b`, `invoice_info_c`, `invoice_info_d`, `invoice_info_e`, `show_pos_startup`, `markup_method`, `save_invoice`, `save_quotations`, `barcode`, `charge_interest_ar`, `calculate_profit_type`, `ar_interest`, `ar_term`, `ar_install`, `po_install`, `gl_install`, `lawway_install`, `multi_user`, `company_pic`, `backup_path`, `manual_invoice_number`, `ar_signeture`, `default_paytype_index`, `decimal_price`, `display_price_pos`, `require_pos_login`, `require_open_drawer`, `auto_customer_num`, `auto_invoice_num`, `next_customer_num`, `allow_trade_in`, `next_trade_number`, `details_statement`, `allow_payout`, `print_payout`, `created_by`, `created_at`, `updated_by`, `updated_at`, `deleted_by`, `deleted_at`, `valid`) VALUES
(1, 'Tmss DH Store', 'Kazipara Bus Stand, Mirpur10', 'Dhaka 1216', NULL, NULL, NULL, NULL, NULL, NULL, NULL, 5.00, 10.00, 15.00, 20.00, '1', '2', '3', NULL, NULL, NULL, NULL, NULL, NULL, NULL, NULL, NULL, NULL, NULL, NULL, 2, NULL, NULL, NULL, NULL, NULL, NULL, NULL, NULL, NULL, NULL, NULL, NULL, NULL, NULL, NULL, NULL, NULL, NULL, NULL, NULL, '2', NULL, NULL, NULL, 1, '2020-01-23 07:36:38', 1, '2020-01-23 01:36:38', NULL, NULL, 1);

-- --------------------------------------------------------

--
-- Table structure for table `inv_customer`
--

CREATE TABLE `inv_customer` (
  `id` int(11) NOT NULL,
  `customer_number` varchar(50) NOT NULL,
  `customer_name` varchar(250) NOT NULL,
  `customer_contact` varchar(50) DEFAULT NULL,
  `customer_address` text DEFAULT NULL,
  `customer_city` varchar(200) DEFAULT NULL,
  `customer_state` varchar(200) DEFAULT NULL,
  `customer_zip` varchar(50) DEFAULT NULL,
  `customer_phone` varchar(50) DEFAULT NULL,
  `customer_fax` varchar(250) DEFAULT NULL,
  `customer_email` varchar(250) DEFAULT NULL,
  `non_taxable_customer` int(12) DEFAULT NULL,
  `customer_sales_tax_number` varchar(250) DEFAULT NULL,
  `customer_price_code` int(11) DEFAULT NULL,
  `customer_last_date_purchage` date DEFAULT NULL,
  `customer_purchage_1` float DEFAULT NULL,
  `customer_purchage_2` float DEFAULT NULL,
  `customer_purchage_3` float DEFAULT NULL,
  `customer_comment` varchar(250) DEFAULT NULL,
  `customer_credit_limit` float DEFAULT NULL,
  `allow_ar` float DEFAULT NULL,
  `charge_interest` int(11) DEFAULT NULL,
  `allow_layaway` int(11) DEFAULT NULL,
  `ar_blance_forward` float DEFAULT NULL,
  `total_ar_charges` float DEFAULT NULL,
  `total_ar_payment` float DEFAULT NULL,
  `total_lawway_charge` float DEFAULT NULL,
  `total_lawway_payment` int(11) DEFAULT NULL,
  `ar_age_total_current` float DEFAULT NULL,
  `ar_age_total_current_30` float DEFAULT NULL,
  `ar_age_total_30` float DEFAULT NULL,
  `ar_age_total_60` float DEFAULT NULL,
  `ar_age_total_90` float DEFAULT NULL,
  `taxable_special` int(11) DEFAULT NULL,
  `item_tax_code_1` int(11) DEFAULT NULL,
  `item_tax_code_2` int(11) DEFAULT NULL,
  `item_tax_code_3` int(11) DEFAULT NULL,
  `item_tax_code_4` int(11) DEFAULT NULL,
  `user_birth_day` date DEFAULT NULL,
  `cust_birthday` date DEFAULT NULL,
  `created_by` int(11) NOT NULL,
  `updated_by` int(11) DEFAULT NULL,
  `deleted_by` int(11) DEFAULT NULL,
  `created_at` timestamp NULL DEFAULT NULL ON UPDATE current_timestamp(),
  `updated_at` timestamp NULL DEFAULT NULL,
  `valid` tinyint(4) NOT NULL DEFAULT 1,
  `deleted_at` timestamp NULL DEFAULT NULL
) ENGINE=InnoDB DEFAULT CHARSET=latin1;

--
-- Dumping data for table `inv_customer`
--

INSERT INTO `inv_customer` (`id`, `customer_number`, `customer_name`, `customer_contact`, `customer_address`, `customer_city`, `customer_state`, `customer_zip`, `customer_phone`, `customer_fax`, `customer_email`, `non_taxable_customer`, `customer_sales_tax_number`, `customer_price_code`, `customer_last_date_purchage`, `customer_purchage_1`, `customer_purchage_2`, `customer_purchage_3`, `customer_comment`, `customer_credit_limit`, `allow_ar`, `charge_interest`, `allow_layaway`, `ar_blance_forward`, `total_ar_charges`, `total_ar_payment`, `total_lawway_charge`, `total_lawway_payment`, `ar_age_total_current`, `ar_age_total_current_30`, `ar_age_total_30`, `ar_age_total_60`, `ar_age_total_90`, `taxable_special`, `item_tax_code_1`, `item_tax_code_2`, `item_tax_code_3`, `item_tax_code_4`, `user_birth_day`, `cust_birthday`, `created_by`, `updated_by`, `deleted_by`, `created_at`, `updated_at`, `valid`, `deleted_at`) VALUES
(1, '', '', NULL, NULL, NULL, NULL, NULL, NULL, NULL, NULL, NULL, NULL, NULL, NULL, NULL, NULL, NULL, NULL, NULL, NULL, NULL, NULL, NULL, NULL, NULL, NULL, NULL, NULL, NULL, NULL, NULL, NULL, NULL, NULL, NULL, NULL, NULL, NULL, NULL, 6, 6, NULL, '2020-02-09 00:50:48', '2020-02-09 00:50:48', 1, NULL),
(2, '', '', NULL, NULL, NULL, NULL, NULL, NULL, NULL, NULL, NULL, NULL, NULL, NULL, NULL, NULL, NULL, NULL, NULL, NULL, NULL, NULL, NULL, NULL, NULL, NULL, NULL, NULL, NULL, NULL, NULL, NULL, NULL, NULL, NULL, NULL, NULL, NULL, NULL, 6, 6, NULL, '2020-02-09 00:53:16', '2020-02-09 00:53:16', 1, NULL),
(3, '21', 'Nasima Akter Tania', 'Tania', 'mirpur,dhaka, dhaka', NULL, NULL, NULL, '01849942053', NULL, 'taniafci81@gmail.com', NULL, NULL, NULL, NULL, NULL, NULL, NULL, NULL, NULL, NULL, NULL, NULL, NULL, NULL, NULL, NULL, NULL, NULL, NULL, NULL, NULL, NULL, NULL, NULL, NULL, NULL, NULL, NULL, NULL, 6, 6, NULL, '2020-02-09 00:56:42', '2020-02-09 00:56:42', 1, NULL),
(4, '33', 'Tan Ia', 'Tan Ia', 'mirpur,dhaka\ndhaka', NULL, NULL, NULL, '01849942053', NULL, 'tania@gmail.com', NULL, NULL, NULL, NULL, NULL, NULL, NULL, NULL, NULL, NULL, NULL, NULL, NULL, NULL, NULL, NULL, NULL, NULL, NULL, NULL, NULL, NULL, NULL, NULL, NULL, NULL, NULL, NULL, NULL, 6, 6, NULL, '2020-02-09 01:00:20', '2020-02-09 01:00:20', 1, NULL);

-- --------------------------------------------------------

--
-- Table structure for table `inv_inventory_method`
--

CREATE TABLE `inv_inventory_method` (
  `id` bigint(20) UNSIGNED NOT NULL,
  `method_name` varchar(191) COLLATE utf8mb4_unicode_ci NOT NULL,
  `status` tinyint(4) NOT NULL
) ENGINE=InnoDB DEFAULT CHARSET=utf8mb4 COLLATE=utf8mb4_unicode_ci;

--
-- Dumping data for table `inv_inventory_method`
--

INSERT INTO `inv_inventory_method` (`id`, `method_name`, `status`) VALUES
(1, 'FIFO', 1),
(2, 'LILO', 1),
(3, 'Average', 1),
(4, 'Selective', 1);

-- --------------------------------------------------------

--
-- Table structure for table `inv_pos`
--

CREATE TABLE `inv_pos` (
  `id` int(11) NOT NULL,
  `invoice_number` int(11) NOT NULL,
  `date` date NOT NULL,
  `customer_name` varchar(255) DEFAULT NULL,
  `pay_type` varchar(100) NOT NULL,
  `sub_total` double(16,2) NOT NULL,
  `sales_tax` float(11,2) DEFAULT 0.00,
  `total_discount` float(11,2) DEFAULT 0.00,
  `total_due` double(16,2) DEFAULT 0.00,
  `total_pay` double(16,2) NOT NULL,
  `comment` varchar(255) DEFAULT NULL,
  `created_by` int(11) DEFAULT NULL,
  `created_at` timestamp NULL DEFAULT NULL,
  `updated_by` int(11) DEFAULT NULL,
  `updated_at` timestamp NULL DEFAULT NULL,
  `deleted_by` int(11) DEFAULT NULL,
  `deleted_at` timestamp NULL DEFAULT NULL,
  `valid` int(11) DEFAULT 1
) ENGINE=InnoDB DEFAULT CHARSET=utf8;

-- --------------------------------------------------------

--
-- Table structure for table `inv_pos_details`
--

CREATE TABLE `inv_pos_details` (
  `id` int(11) NOT NULL,
  `pos_id` int(11) NOT NULL COMMENT 'from pos table->primary_id',
  `date` date NOT NULL,
  `product_id` varchar(255) NOT NULL,
  `product_qty` double(16,2) NOT NULL,
  `product_price` double(16,2) NOT NULL,
  `product_tax` double(16,2) DEFAULT 0.00,
  `product_discount` double(16,2) DEFAULT 0.00,
  `created_by` int(11) DEFAULT NULL,
  `created_at` timestamp NULL DEFAULT NULL,
  `updated_by` int(11) DEFAULT NULL,
  `updated_at` timestamp NULL DEFAULT NULL,
  `deleted_by` int(11) DEFAULT NULL,
  `deleted_at` timestamp NULL DEFAULT NULL,
  `valid` int(11) NOT NULL DEFAULT 1
) ENGINE=InnoDB DEFAULT CHARSET=utf8;

-- --------------------------------------------------------

--
-- Table structure for table `inv_product`
--

CREATE TABLE `inv_product` (
  `id` int(11) NOT NULL,
  `inv_code` varchar(200) NOT NULL,
  `inv_alt_code` varchar(200) DEFAULT NULL,
  `inv_product_name` varchar(191) NOT NULL,
  `category_id` int(11) DEFAULT NULL COMMENT 'foreignkey->inv_product_category ',
  `vendor_id` int(11) DEFAULT NULL,
  `qty_hand` float(11,2) NOT NULL,
  `qty_order` float(11,2) DEFAULT NULL,
  `reorder_level` int(11) DEFAULT NULL,
  `reorder_qty` float(11,2) DEFAULT NULL,
  `last_cost` double(16,2) NOT NULL,
  `avg_cost` double(16,2) DEFAULT NULL,
  `markup_a` float(11,2) DEFAULT NULL,
  `markup_b` float(11,2) DEFAULT NULL,
  `markup_c` float(11,2) DEFAULT NULL,
  `markup_d` float(11,2) DEFAULT NULL,
  `price_a` double(16,2) NOT NULL,
  `price_b` double(16,2) DEFAULT NULL,
  `price_c` double(16,2) DEFAULT NULL,
  `price_d` double(16,2) DEFAULT NULL,
  `sale_price` double(16,2) DEFAULT NULL,
  `begain_sale_date` date DEFAULT NULL,
  `end_sale_date` date DEFAULT NULL,
  `taxable` tinyint(1) DEFAULT 0 COMMENT '0->false,1->true',
  `taxcode` varchar(100) DEFAULT NULL COMMENT 'taxcode->configure',
  `service` int(10) DEFAULT 0,
  `commission` int(10) DEFAULT 0,
  `last_date_receive` date DEFAULT NULL,
  `last_date_sold` date DEFAULT NULL,
  `item_loction` int(50) DEFAULT NULL,
  `total_sold_a` double(16,2) DEFAULT NULL,
  `total_sold_b` double(16,2) DEFAULT NULL,
  `total_sold_c` double(16,2) DEFAULT NULL,
  `total_revenue_a` double(16,2) DEFAULT NULL,
  `total_revenue_b` double(16,2) DEFAULT NULL,
  `total_revenue_c` double(16,2) DEFAULT NULL,
  `total_profit_a` double(16,2) DEFAULT NULL,
  `total_profit_b` double(16,2) DEFAULT NULL,
  `total_profit_c` double(16,2) DEFAULT NULL,
  `comment` varchar(100) DEFAULT NULL,
  `sell_by_serial_num` varchar(191) DEFAULT NULL,
  `created_by` int(11) DEFAULT NULL,
  `created_at` timestamp NULL DEFAULT NULL ON UPDATE current_timestamp(),
  `updated_by` int(11) DEFAULT NULL,
  `updated_at` timestamp NOT NULL DEFAULT '0000-00-00 00:00:00',
  `deleted_by` int(11) DEFAULT NULL,
  `deleted_at` timestamp NULL DEFAULT NULL,
  `valid` int(11) DEFAULT NULL
) ENGINE=InnoDB DEFAULT CHARSET=utf8;

--
-- Dumping data for table `inv_product`
--

INSERT INTO `inv_product` (`id`, `inv_code`, `inv_alt_code`, `inv_product_name`, `category_id`, `vendor_id`, `qty_hand`, `qty_order`, `reorder_level`, `reorder_qty`, `last_cost`, `avg_cost`, `markup_a`, `markup_b`, `markup_c`, `markup_d`, `price_a`, `price_b`, `price_c`, `price_d`, `sale_price`, `begain_sale_date`, `end_sale_date`, `taxable`, `taxcode`, `service`, `commission`, `last_date_receive`, `last_date_sold`, `item_loction`, `total_sold_a`, `total_sold_b`, `total_sold_c`, `total_revenue_a`, `total_revenue_b`, `total_revenue_c`, `total_profit_a`, `total_profit_b`, `total_profit_c`, `comment`, `sell_by_serial_num`, `created_by`, `created_at`, `updated_by`, `updated_at`, `deleted_by`, `deleted_at`, `valid`) VALUES
(1, '18000', NULL, 'MUM Drinking Water 500 ml', 21, 2, 25.00, NULL, NULL, NULL, 8.00, 8.00, 38.00, 38.00, 43.00, 33.00, 13.00, 13.00, 14.00, 12.00, NULL, NULL, NULL, 0, NULL, 0, 0, NULL, NULL, NULL, NULL, NULL, NULL, NULL, NULL, NULL, NULL, NULL, NULL, NULL, NULL, 6, '2020-02-08 22:47:37', 6, '2020-02-08 22:47:37', NULL, NULL, 1),
(2, '2000', NULL, 'Fresh Natural Drinking Water 2 ltr', 21, 20, 40.00, NULL, NULL, NULL, 20.00, 20.00, 33.00, NULL, NULL, NULL, 30.00, NULL, NULL, NULL, NULL, NULL, NULL, 0, NULL, 0, 0, NULL, NULL, NULL, NULL, NULL, NULL, NULL, NULL, NULL, NULL, NULL, NULL, NULL, NULL, 6, '2020-02-08 22:56:23', 6, '2020-02-08 22:56:23', NULL, NULL, 1),
(3, '20001', NULL, 'Fresh Natural Drinking Water 500 ml', 21, 20, 50.00, NULL, NULL, NULL, 10.00, 10.00, 33.00, NULL, NULL, NULL, 15.00, NULL, NULL, NULL, NULL, NULL, NULL, 0, NULL, 0, 0, NULL, NULL, NULL, NULL, NULL, NULL, NULL, NULL, NULL, NULL, NULL, NULL, NULL, NULL, 6, '2020-02-08 22:57:40', 6, '2020-02-08 22:57:40', NULL, NULL, 1),
(4, '20002', NULL, 'Fresh Natural Drinking Water 5 ltr', 21, 19, 30.00, NULL, NULL, NULL, 50.00, 50.00, 33.00, NULL, NULL, NULL, 75.00, NULL, NULL, NULL, NULL, NULL, NULL, 0, NULL, 0, 0, NULL, NULL, NULL, NULL, NULL, NULL, NULL, NULL, NULL, NULL, NULL, NULL, NULL, NULL, 6, '2020-02-09 04:59:41', 6, '2020-02-08 22:59:17', NULL, NULL, 1),
(5, '8090', NULL, 'Pran Drinking Yogurt (Matha) 1 Ltr', 6, 13, 30.00, 2.00, 20, 20.00, 50.00, 50.00, 47.00, NULL, NULL, NULL, 95.00, NULL, NULL, NULL, NULL, NULL, NULL, 0, NULL, 0, 0, NULL, NULL, NULL, NULL, NULL, NULL, NULL, NULL, NULL, NULL, NULL, NULL, NULL, NULL, 6, '2020-02-09 05:04:34', 6, '2020-02-08 23:04:34', NULL, NULL, 1),
(6, '9000', NULL, 'Pran Lassi 170 ml', 6, 13, 120.00, 3.00, 7, 20.00, 15.00, 15.00, 25.00, NULL, NULL, NULL, 20.00, NULL, NULL, NULL, NULL, NULL, NULL, 0, NULL, 0, 0, NULL, NULL, NULL, NULL, NULL, NULL, NULL, NULL, NULL, NULL, NULL, NULL, NULL, NULL, 6, '2020-02-08 23:04:21', 6, '2020-02-08 23:04:21', NULL, NULL, 1),
(7, '80009', NULL, 'Pran Frooto Mango Juice 500 Ml', 6, 13, 20.00, NULL, NULL, NULL, 35.00, 35.00, 22.00, 30.00, 17.00, 17.00, 45.00, 50.00, 42.00, 42.00, NULL, '2020-02-01', '2020-02-29', 0, NULL, 1, 1, NULL, NULL, NULL, NULL, NULL, NULL, NULL, NULL, NULL, NULL, NULL, NULL, NULL, NULL, 6, '2020-02-08 23:06:12', 6, '2020-02-08 23:06:12', NULL, NULL, 1),
(8, '7000', NULL, 'coca cola (Bottle) 500 ml', 6, 3, 27.00, NULL, NULL, NULL, 27.00, 27.00, 22.86, NULL, NULL, NULL, 35.00, NULL, NULL, NULL, NULL, NULL, NULL, 0, NULL, 0, 0, '2020-02-09', NULL, NULL, NULL, NULL, NULL, NULL, NULL, NULL, NULL, NULL, NULL, NULL, NULL, 6, '2020-02-09 07:07:55', 6, '2020-02-09 01:07:55', NULL, NULL, 1),
(9, '80008', NULL, '7 Up Light (Bottle) 500 ml', 6, 22, 30.00, NULL, NULL, NULL, 28.00, 28.00, 20.00, NULL, NULL, NULL, 35.00, NULL, NULL, NULL, NULL, NULL, NULL, 0, NULL, 0, 0, NULL, NULL, NULL, NULL, NULL, NULL, NULL, NULL, NULL, NULL, NULL, NULL, NULL, NULL, 6, '2020-02-09 05:14:49', 6, '2020-02-08 23:14:49', NULL, NULL, 1),
(10, '98000', NULL, 'Danish GF Mango Drink (Popular) 200 ml', 6, 22, 20.00, NULL, NULL, NULL, 35.00, 35.00, 13.00, NULL, NULL, NULL, 40.00, NULL, NULL, NULL, NULL, NULL, NULL, 0, NULL, 0, 0, NULL, NULL, NULL, NULL, NULL, NULL, NULL, NULL, NULL, NULL, NULL, NULL, NULL, NULL, 6, '2020-02-08 23:17:27', 6, '2020-02-08 23:17:27', NULL, NULL, 1),
(11, '354656', NULL, 'Pepsi Diet Drinks 250ml (Can)', 6, 21, 20.00, NULL, NULL, NULL, 35.00, 35.00, 13.00, NULL, NULL, NULL, 40.00, NULL, NULL, NULL, NULL, NULL, NULL, 0, NULL, 0, 0, NULL, NULL, NULL, NULL, NULL, NULL, NULL, NULL, NULL, NULL, NULL, NULL, NULL, NULL, 6, '2020-02-08 23:19:09', 6, '2020-02-08 23:19:09', NULL, NULL, 1),
(12, '789767', NULL, 'Ispahani Mirzapur RD 400 gm', 13, 14, 20.00, NULL, NULL, NULL, 120.00, 120.00, 17.00, NULL, NULL, NULL, 180.00, NULL, NULL, NULL, NULL, NULL, NULL, 0, NULL, 0, 0, NULL, NULL, NULL, NULL, NULL, NULL, NULL, NULL, NULL, NULL, NULL, NULL, NULL, NULL, 6, '2020-02-08 23:23:40', 6, '2020-02-08 23:23:40', NULL, NULL, 1),
(13, '86800', NULL, 'Finlays Green Tea Box 125 gm', 13, 18, 20.00, NULL, NULL, NULL, 50.00, 50.00, 41.00, NULL, NULL, NULL, 85.00, NULL, NULL, NULL, NULL, NULL, NULL, 0, NULL, 0, 0, NULL, NULL, NULL, NULL, NULL, NULL, NULL, NULL, NULL, NULL, NULL, NULL, NULL, NULL, 6, '2020-02-08 23:25:22', 6, '2020-02-08 23:25:22', NULL, NULL, 1),
(14, '676878', NULL, 'Finlays Green Tea Bag (50 Bags) 100 gm', 13, 18, 20.00, NULL, NULL, NULL, 40.00, 40.00, 58.00, NULL, NULL, NULL, 95.00, NULL, NULL, NULL, NULL, NULL, NULL, 0, NULL, 0, 0, NULL, NULL, NULL, NULL, NULL, NULL, NULL, NULL, NULL, NULL, NULL, NULL, NULL, NULL, 6, '2020-02-08 23:31:56', 6, '2020-02-08 23:31:56', NULL, NULL, 1),
(15, '78777', NULL, 'Kazi & Kazi Green Tea Bag 60 Gm', 13, 17, 30.00, NULL, NULL, NULL, 100.00, 100.00, 38.00, NULL, NULL, NULL, 160.00, NULL, NULL, NULL, NULL, NULL, NULL, 0, NULL, 0, 0, NULL, NULL, NULL, NULL, NULL, NULL, NULL, NULL, NULL, NULL, NULL, NULL, NULL, NULL, 6, '2020-02-08 23:35:26', 6, '2020-02-08 23:35:26', NULL, NULL, 1),
(18, '787665', NULL, 'Sprite (Bottle) 2.25 ltr', 6, 4, 20.00, NULL, NULL, NULL, 90.00, 90.00, 18.00, NULL, NULL, NULL, 110.00, NULL, NULL, NULL, NULL, NULL, NULL, 0, NULL, 0, 0, NULL, NULL, NULL, NULL, NULL, NULL, NULL, NULL, NULL, NULL, NULL, NULL, NULL, NULL, 6, '2020-02-08 23:44:57', 6, '2020-02-08 23:44:57', NULL, NULL, 1),
(20, '787666', NULL, 'Pepsi (Bottle) 250 ml', 6, 21, 20.00, NULL, NULL, NULL, 18.00, 18.00, 20.00, NULL, NULL, NULL, 22.00, NULL, NULL, NULL, NULL, NULL, NULL, 0, NULL, 0, 0, NULL, NULL, NULL, NULL, NULL, NULL, NULL, NULL, NULL, NULL, NULL, NULL, NULL, NULL, 6, '2020-02-08 23:54:48', 6, '2020-02-08 23:54:48', NULL, NULL, 1),
(21, '57658', NULL, 'Sprite (Can) 250 ml', 6, 4, 50.00, NULL, NULL, NULL, 20.00, 20.00, 50.00, NULL, NULL, NULL, 40.00, NULL, NULL, NULL, NULL, NULL, NULL, 0, NULL, 0, 0, NULL, NULL, NULL, NULL, NULL, NULL, NULL, NULL, NULL, NULL, NULL, NULL, NULL, NULL, 6, '2020-02-08 23:58:13', 6, '2020-02-08 23:58:13', NULL, NULL, 1),
(22, '887866', NULL, 'Coke (Coca Cola) 325 ml', 6, 3, 40.00, NULL, NULL, NULL, 20.00, 20.00, 50.00, NULL, NULL, NULL, 40.00, NULL, NULL, NULL, NULL, NULL, NULL, 0, NULL, 0, 0, NULL, NULL, NULL, NULL, NULL, NULL, NULL, NULL, NULL, NULL, NULL, NULL, NULL, NULL, 6, '2020-02-09 00:00:38', 6, '2020-02-09 00:00:38', NULL, NULL, 1),
(23, '8687', NULL, 'Fanta Can 250 Ml', 6, 12, 20.00, NULL, NULL, NULL, 20.00, 20.00, 50.00, NULL, NULL, NULL, 40.00, NULL, NULL, NULL, NULL, NULL, NULL, 0, NULL, 0, 0, NULL, NULL, NULL, NULL, NULL, NULL, NULL, NULL, NULL, NULL, NULL, NULL, NULL, NULL, 6, '2020-02-09 00:02:36', 6, '2020-02-09 00:02:36', NULL, NULL, 1),
(24, '70000', NULL, 'Fanta 1.25 ltr', 6, 12, 20.00, NULL, NULL, NULL, 50.00, 50.00, 23.00, NULL, NULL, NULL, 65.00, NULL, NULL, NULL, NULL, NULL, NULL, 0, NULL, 0, 0, NULL, NULL, NULL, NULL, NULL, NULL, NULL, NULL, NULL, NULL, NULL, NULL, NULL, NULL, 6, '2020-02-09 00:12:27', 6, '2020-02-09 00:12:27', NULL, NULL, 1);

-- --------------------------------------------------------

--
-- Table structure for table `inv_product_category`
--

CREATE TABLE `inv_product_category` (
  `id` int(11) NOT NULL,
  `category_name` varchar(200) NOT NULL,
  `created_by` int(11) NOT NULL,
  `created_at` timestamp NOT NULL DEFAULT current_timestamp() ON UPDATE current_timestamp(),
  `updated_by` int(11) NOT NULL,
  `updated_at` timestamp NOT NULL DEFAULT '0000-00-00 00:00:00',
  `deleted_by` int(11) DEFAULT NULL,
  `deleted_at` timestamp NULL DEFAULT NULL,
  `valid` int(11) NOT NULL
) ENGINE=InnoDB DEFAULT CHARSET=utf8;

--
-- Dumping data for table `inv_product_category`
--

INSERT INTO `inv_product_category` (`id`, `category_name`, `created_by`, `created_at`, `updated_by`, `updated_at`, `deleted_by`, `deleted_at`, `valid`) VALUES
(1, 'pens', 6, '2020-02-08 22:03:14', 6, '2020-02-08 22:03:14', NULL, NULL, 1),
(2, 'marker', 6, '2020-02-08 22:03:20', 6, '2020-02-08 22:03:20', NULL, NULL, 1),
(3, 'books', 6, '2020-02-08 22:03:36', 6, '2020-02-08 22:03:36', NULL, NULL, 1),
(4, 'pencil', 6, '2020-02-08 22:04:41', 6, '2020-02-08 22:04:41', NULL, NULL, 1),
(5, 'shampo', 6, '2020-02-08 22:05:12', 6, '2020-02-08 22:05:12', NULL, NULL, 1),
(6, 'drinks', 6, '2020-02-08 22:10:08', 6, '2020-02-08 22:10:08', NULL, NULL, 1),
(7, 'Egg', 6, '2020-02-08 22:10:14', 6, '2020-02-08 22:10:14', NULL, NULL, 1),
(8, 'Breads', 6, '2020-02-08 22:10:24', 6, '2020-02-08 22:10:24', NULL, NULL, 1),
(9, 'Biscuits', 6, '2020-02-08 22:10:41', 6, '2020-02-08 22:10:41', NULL, NULL, 1),
(10, 'Houshold', 6, '2020-02-08 22:10:49', 6, '2020-02-08 22:10:49', NULL, NULL, 1),
(11, 'oils', 6, '2020-02-08 22:10:56', 6, '2020-02-08 22:10:56', NULL, NULL, 1),
(12, 'chocolates', 6, '2020-02-08 22:11:08', 6, '2020-02-08 22:11:08', NULL, NULL, 1),
(13, 'tea', 6, '2020-02-08 22:11:17', 6, '2020-02-08 22:11:17', NULL, NULL, 1),
(14, 'coffe', 6, '2020-02-08 22:11:19', 6, '2020-02-08 22:11:19', NULL, NULL, 1),
(15, 'rice', 6, '2020-02-08 22:11:31', 6, '2020-02-08 22:11:31', NULL, NULL, 1),
(16, 'baby food', 6, '2020-02-08 22:11:47', 6, '2020-02-08 22:11:47', NULL, NULL, 1),
(17, 'baby care', 6, '2020-02-08 22:11:52', 6, '2020-02-08 22:11:52', NULL, NULL, 1),
(18, 'noodles', 6, '2020-02-08 22:12:05', 6, '2020-02-08 22:12:05', NULL, NULL, 1),
(19, 'skin care', 6, '2020-02-08 22:12:27', 6, '2020-02-08 22:12:27', NULL, NULL, 1),
(20, 'kitchen accsories', 6, '2020-02-08 22:13:04', 6, '2020-02-08 22:13:04', NULL, NULL, 1),
(21, 'water', 6, '2020-02-08 22:15:12', 6, '2020-02-08 22:15:12', NULL, NULL, 1);

-- --------------------------------------------------------

--
-- Table structure for table `inv_product_receive`
--

CREATE TABLE `inv_product_receive` (
  `id` int(11) NOT NULL,
  `invoice_number` int(11) NOT NULL,
  `date` date NOT NULL,
  `total_item` float(11,2) NOT NULL,
  `total_amount` double(16,2) NOT NULL,
  `created_by` int(11) DEFAULT NULL,
  `updated_by` int(11) DEFAULT NULL,
  `deleted_by` int(11) DEFAULT NULL,
  `deleted_at` timestamp NULL DEFAULT NULL,
  `valid` tinyint(4) NOT NULL DEFAULT 1,
  `created_at` timestamp NULL DEFAULT NULL,
  `updated_at` timestamp NULL DEFAULT NULL
) ENGINE=InnoDB DEFAULT CHARSET=utf8;

--
-- Dumping data for table `inv_product_receive`
--

INSERT INTO `inv_product_receive` (`id`, `invoice_number`, `date`, `total_item`, `total_amount`, `created_by`, `updated_by`, `deleted_by`, `deleted_at`, `valid`, `created_at`, `updated_at`) VALUES
(1, 1, '2020-02-09', 2.00, 54.00, 6, 6, NULL, NULL, 1, '2020-02-09 01:07:02', '2020-02-09 01:07:02'),
(2, 2, '2020-02-09', 5.00, 135.00, 6, 6, NULL, NULL, 1, '2020-02-09 01:07:55', '2020-02-09 01:07:55');

-- --------------------------------------------------------

--
-- Table structure for table `inv_product_receive_details`
--

CREATE TABLE `inv_product_receive_details` (
  `id` int(11) NOT NULL,
  `product_receive_id` int(11) NOT NULL COMMENT 'inv_product_receive->primary_id',
  `product_id` int(11) NOT NULL,
  `receive_cost` float(11,2) NOT NULL,
  `receive_qty` float(11,2) NOT NULL,
  `created_by` int(11) DEFAULT NULL,
  `created_at` timestamp NULL DEFAULT NULL,
  `updated_by` int(11) DEFAULT NULL,
  `updated_at` timestamp NULL DEFAULT NULL,
  `deleted_by` int(11) DEFAULT NULL,
  `deleted_at` timestamp NULL DEFAULT NULL,
  `valid` tinyint(4) NOT NULL DEFAULT 1
) ENGINE=InnoDB DEFAULT CHARSET=utf8;

--
-- Dumping data for table `inv_product_receive_details`
--

INSERT INTO `inv_product_receive_details` (`id`, `product_receive_id`, `product_id`, `receive_cost`, `receive_qty`, `created_by`, `created_at`, `updated_by`, `updated_at`, `deleted_by`, `deleted_at`, `valid`) VALUES
(1, 1, 7000, 27.00, 2.00, 6, '2020-02-09 01:07:02', 6, '2020-02-09 01:07:02', NULL, NULL, 1),
(2, 2, 7000, 27.00, 5.00, 6, '2020-02-09 01:07:55', 6, '2020-02-09 01:07:55', NULL, NULL, 1);

-- --------------------------------------------------------

--
-- Table structure for table `inv_sales_person`
--

CREATE TABLE `inv_sales_person` (
  `id` int(11) NOT NULL,
  `number` int(4) UNSIGNED ZEROFILL DEFAULT NULL,
  `name` varchar(200) DEFAULT NULL,
  `username` varchar(191) DEFAULT 'NULL',
  `password` varchar(191) DEFAULT 'NULL',
  `address_line_1` varchar(200) DEFAULT NULL,
  `address_line_2` varchar(200) DEFAULT NULL,
  `city` varchar(150) DEFAULT NULL,
  `state` varchar(150) DEFAULT NULL,
  `zip` varchar(50) DEFAULT NULL,
  `phone` varchar(50) DEFAULT NULL,
  `email` varchar(100) DEFAULT NULL,
  `role_id` int(11) DEFAULT NULL,
  `ssn` varchar(100) DEFAULT NULL,
  `commission_percentage` int(11) DEFAULT NULL,
  `commission_on` varchar(100) DEFAULT NULL,
  `total_sales_1` double(16,2) DEFAULT NULL COMMENT 'daily',
  `total_sales_2` double(16,2) DEFAULT NULL COMMENT 'monthly',
  `total_sales_3` double(16,2) DEFAULT NULL COMMENT 'yearly',
  `commission_earned_1` double(16,2) DEFAULT NULL,
  `commission_earned_2` double(16,2) DEFAULT NULL,
  `commission_earned_3` double(16,2) DEFAULT NULL,
  `comments` varchar(200) DEFAULT NULL,
  `remember_token` varchar(100) DEFAULT NULL,
  `created_at` timestamp NULL DEFAULT NULL,
  `updated_at` timestamp NULL DEFAULT NULL,
  `created_by` int(11) DEFAULT NULL,
  `updated_by` int(11) DEFAULT NULL,
  `deleted_by` int(11) DEFAULT NULL,
  `deleted_at` timestamp NULL DEFAULT NULL,
  `valid` tinyint(4) DEFAULT 1
) ENGINE=InnoDB DEFAULT CHARSET=latin1;

--
-- Dumping data for table `inv_sales_person`
--

INSERT INTO `inv_sales_person` (`id`, `number`, `name`, `username`, `password`, `address_line_1`, `address_line_2`, `city`, `state`, `zip`, `phone`, `email`, `role_id`, `ssn`, `commission_percentage`, `commission_on`, `total_sales_1`, `total_sales_2`, `total_sales_3`, `commission_earned_1`, `commission_earned_2`, `commission_earned_3`, `comments`, `remember_token`, `created_at`, `updated_at`, `created_by`, `updated_by`, `deleted_by`, `deleted_at`, `valid`) VALUES
(1, 0001, 'Rahim', 'rahim', '$2y$10$GLLXS.90VnaRiAq240eroe4GUGtdGR7cGDyUBC9MEtDPqYMBqC9ge', 'Dhaka, Bangladesh', NULL, 'Dhaka', 'Dhaka', '101', '112345', 'a@gmail.com', 1, '12334', 20, 'profit', 7629.60, 8016.70, 8016.70, 1525.92, 1603.34, 1603.34, 'Test User', NULL, '2019-12-18 01:42:11', '2020-01-09 00:20:20', 1, NULL, NULL, NULL, 1),
(2, 0002, 'Karim', 'karim', '$2y$10$48YwSUCUDqklcf2zld1raOjDU8Gy50HnkVNdEfUS2c85v0gbNUEyq', 'Cumilla, Bangladesh', NULL, 'Cumilla', 'cumilla', '345', '1234', 'k@gmail.com', 1, '123', 10, 'profit', 80.00, 80.00, 80.00, 8.00, 8.00, 8.00, 'Test Person', NULL, '2019-12-18 03:13:36', '2020-01-20 03:22:36', 1, 1, NULL, NULL, 1),
(3, 0003, 'Noyon', 'Noyon', '$2y$10$MnFfGp3z5MXy5bWAgaiH1uei1M0YhSUu1j.ZeAEwaytamvA41q/9i', 'mirpur,dhaka', 'dhaka', 'dhaka', 'Dhaka', '1216', '01849942053', 'noyon@gmail.com', 2, '23', 20, 'gross', 1564.00, 1564.00, 1564.00, 312.80, 312.80, 312.80, 'noyon', NULL, '2020-01-09 00:27:22', '2020-01-09 01:12:37', 1, NULL, NULL, NULL, 1),
(4, 0004, 'Tania', 'Tania', '$2y$10$iGRRsjKeybpYrjj1pyWWa.Ke9CvBa0BbipoxhBvSrJ5YsENhukImu', 'Mirpur', NULL, 'Dhaka', 'D', '1204', '01912096637', 's@gamil.com', 2, NULL, 0, 'profit', 850.00, 850.00, 850.00, 0.00, 0.00, 0.00, NULL, NULL, '2020-01-09 01:52:41', '2020-01-16 00:34:35', 1, 1, NULL, NULL, 1),
(5, 0005, 'anwar', 'anwar', '$2y$10$7.5PgV8DTI1.CzeGEAgLxeQQdJH9D94kIhtTTqht7YC/gVl66P/FS', 'dhaka', NULL, 'dhaka', NULL, NULL, '0998777', 'anwar@gmail.com', 1, NULL, 20, 'profit', 302.00, 302.00, 302.00, 60.40, 60.40, 60.40, NULL, NULL, '2020-01-09 01:55:22', '2020-01-09 03:57:09', 1, NULL, NULL, NULL, 1),
(6, 0006, 'habib', 'habib', '$2y$10$zfGqIoLSMHmBJnhD9kg86uastx/guopukwKHnRDdboR7fJVg1GT.i', 'dhaka', NULL, 'dhaka', '12', '23', '098766', 'habib@gmail.com', 3, '122', 0, 'profit', 395.00, 4110.00, 4110.00, 0.00, 0.00, 0.00, NULL, NULL, '2020-01-09 04:21:22', '2020-01-27 00:56:08', 1, 1, NULL, NULL, 1),
(7, 0045, 'sourov bj', 'sourav', '$2y$10$axAmW4njd7CbKzs/GksKx.m/NSBjZnMXSZP.oejNQdacQk3g8zlDG', NULL, NULL, NULL, NULL, NULL, NULL, 'sourav@gmail.com', 2, NULL, NULL, NULL, NULL, NULL, NULL, NULL, NULL, NULL, NULL, NULL, '2020-01-19 22:10:27', '2020-01-19 22:49:00', 1, 1, NULL, NULL, 1),
(10, 0100, 'sojol', 'sojol', '$2y$10$5XnlK2J9v.YgdnW0C970eec7K00kk0qeLyAb079183MwBpgQqB/mi', NULL, NULL, NULL, NULL, NULL, NULL, 'sojol@gmail.com', 2, NULL, NULL, NULL, NULL, NULL, NULL, NULL, NULL, NULL, NULL, NULL, '2020-01-19 22:28:24', '2020-01-19 22:47:06', 1, 1, NULL, NULL, 1),
(11, 0200, 'Shojib Ahamed', 'shojib', '$2y$10$ZXVVQMGVG5EFjEAwwQLVTuMLV7ki7WWqk2FYefNcKIH1kilSESlgK', NULL, NULL, NULL, NULL, NULL, NULL, 'shojib@gmail.com', 2, NULL, NULL, NULL, NULL, NULL, NULL, NULL, NULL, NULL, NULL, NULL, '2020-01-20 00:02:37', '2020-01-20 00:02:37', 1, NULL, NULL, NULL, 1);

-- --------------------------------------------------------

--
-- Table structure for table `inv_vendor`
--

CREATE TABLE `inv_vendor` (
  `id` int(11) NOT NULL,
  `vendor_number` varchar(50) DEFAULT NULL,
  `vendor_name` varchar(250) NOT NULL,
  `vendor_contact_person` varchar(50) NOT NULL,
  `vendor_address` text NOT NULL,
  `vendor_city` varchar(200) NOT NULL,
  `vendor_state` varchar(200) DEFAULT NULL,
  `vendor_zip` varchar(50) NOT NULL,
  `vendor_phone` varchar(50) NOT NULL,
  `vendor_fax` varchar(250) DEFAULT NULL,
  `vendor_email` varchar(250) DEFAULT NULL,
  `vendor_url` varchar(250) DEFAULT NULL,
  `last_date_product_sold` date DEFAULT NULL,
  `vendor_comment` text DEFAULT NULL,
  `total_vendor_sales_1` float DEFAULT NULL,
  `total_vendor_sales_2` float DEFAULT NULL,
  `total_vendor_sales_3` float DEFAULT NULL,
  `created_by` int(11) DEFAULT NULL,
  `updated_by` int(11) DEFAULT NULL,
  `deleted_by` int(11) DEFAULT NULL,
  `created_at` timestamp NULL DEFAULT NULL,
  `updated_at` timestamp NULL DEFAULT NULL,
  `valid` tinyint(4) DEFAULT 1,
  `deleted_at` timestamp NULL DEFAULT NULL
) ENGINE=InnoDB DEFAULT CHARSET=latin1;

--
-- Dumping data for table `inv_vendor`
--

INSERT INTO `inv_vendor` (`id`, `vendor_number`, `vendor_name`, `vendor_contact_person`, `vendor_address`, `vendor_city`, `vendor_state`, `vendor_zip`, `vendor_phone`, `vendor_fax`, `vendor_email`, `vendor_url`, `last_date_product_sold`, `vendor_comment`, `total_vendor_sales_1`, `total_vendor_sales_2`, `total_vendor_sales_3`, `created_by`, `updated_by`, `deleted_by`, `created_at`, `updated_at`, `valid`, `deleted_at`) VALUES
(1, '1', 'Aquafina', 'aqua', 'banani', '', NULL, '', '8980899080', NULL, 'aqua@gmail.com', NULL, NULL, NULL, NULL, NULL, NULL, 6, 6, NULL, '2020-02-08 22:21:02', '2020-02-08 22:21:02', 1, NULL),
(2, '02', 'Mum', 'mum', 'gazipur', '', NULL, '', '89076534576', NULL, 'mum@gmail.com', NULL, NULL, NULL, NULL, NULL, NULL, 6, 6, NULL, '2020-02-08 22:22:32', '2020-02-08 22:22:32', 1, NULL),
(3, '03', 'Coca Cola', 'Coca Cola', 'banani', '', NULL, '', '89878678988', NULL, 'cola@gmail.com', NULL, NULL, NULL, NULL, NULL, NULL, 6, 6, NULL, '2020-02-08 22:23:55', '2020-02-08 22:23:55', 1, NULL),
(4, '04', 'Sprite', 'sprite', 'kawran', '', NULL, '', '0184994989', NULL, 'taniafci81@gmail.com', NULL, NULL, NULL, NULL, NULL, NULL, 6, 6, NULL, '2020-02-08 22:25:18', '2020-02-08 22:25:18', 1, NULL),
(5, '05', 'TIP', '', 'mirpur,dhaka, dhaka', '', NULL, '', '01849942053', NULL, 'taniafci81@gmail.com', NULL, NULL, NULL, NULL, NULL, NULL, 6, 6, NULL, '2020-02-08 22:27:11', '2020-02-08 22:27:11', 1, NULL),
(6, NULL, 'Tang', 'Tang', 'mirpur,dhaka, dhaka', '', NULL, '', '01849942053', NULL, 'tang@gmail.com', NULL, NULL, NULL, NULL, NULL, NULL, 6, 6, NULL, '2020-02-08 22:28:35', '2020-02-08 22:28:35', 1, NULL),
(7, '07', 'Foster Clark', 'Foster Clark', 'mirpur,dhaka, dhaka', '', NULL, '', '01849942053', NULL, 'foster@gmail.com', NULL, NULL, NULL, NULL, NULL, NULL, 6, 6, NULL, '2020-02-08 22:30:50', '2020-02-08 22:30:50', 1, NULL),
(8, '08', 'Spa Water', 'Spa', 'mirpur,dhaka, dhaka', '', NULL, '', '01849942058', NULL, 'Spa81@gmail.com', NULL, NULL, NULL, NULL, NULL, NULL, 6, 6, NULL, '2020-02-08 22:31:58', '2020-02-08 22:31:58', 1, NULL),
(9, '09', 'Shezan', 'Shezan', 'mirpur,dhaka, dhaka', '', NULL, '', '01849942053', NULL, 'Shezan@gmail.com', NULL, NULL, NULL, NULL, NULL, NULL, 6, 6, NULL, '2020-02-08 22:33:08', '2020-02-08 22:33:08', 1, NULL),
(10, '10', 'Starship', 'Starship', 'mirpur,dhaka, dhaka', '', NULL, '', '01849942053', NULL, 'starship@gmail.com', NULL, NULL, NULL, NULL, NULL, NULL, 6, 6, NULL, '2020-02-08 22:34:21', '2020-02-08 22:34:21', 1, NULL),
(11, '11', 'Kinley', 'Kinley', 'mirpur,dhaka, dhaka', '', NULL, '', '01849942053', NULL, 'kinley@gmail.com', NULL, NULL, NULL, NULL, NULL, NULL, 6, 6, NULL, '2020-02-08 22:35:16', '2020-02-08 22:35:16', 1, NULL),
(12, '12', 'Fanta', 'Fanta', 'mirpur,dhaka, dhaka', '', NULL, '', '01849942053', NULL, 'fanta@gmail.com', NULL, NULL, NULL, NULL, NULL, NULL, 6, 6, NULL, '2020-02-08 22:37:26', '2020-02-08 22:37:26', 1, NULL),
(13, '13', 'pran', 'pran', 'mirpur,dhaka, dhaka', '', NULL, '', '01849942053', NULL, 'pran@gmail.com', NULL, NULL, NULL, NULL, NULL, NULL, 6, 6, NULL, '2020-02-08 22:38:38', '2020-02-08 22:38:38', 1, NULL),
(14, '14', 'Ispahani', 'Ispahani', 'mirpur,dhaka, dhaka', '', NULL, '', '01849942053', NULL, 'Ispahani @gmail.com', NULL, NULL, NULL, NULL, NULL, NULL, 6, 6, NULL, '2020-02-08 22:39:17', '2020-02-08 22:39:17', 1, NULL),
(15, '15', 'Horlicks', 'Horlicks', 'mirpur,dhaka, dhaka', '', NULL, '', '01849942053', NULL, 'Horlicks@gmail.com', NULL, NULL, NULL, NULL, NULL, NULL, 6, 6, NULL, '2020-02-08 22:39:48', '2020-02-08 22:39:48', 1, NULL),
(16, '16', 'Tetley', 'Tetley', 'mirpur,dhaka, dhaka', '', NULL, '', '01849942053', NULL, 'Tetley @gmail.com', NULL, NULL, NULL, NULL, NULL, NULL, 6, 6, NULL, '2020-02-08 22:40:22', '2020-02-08 22:40:22', 1, NULL),
(17, NULL, 'Kazi & Kazi Blacktea', 'Kazi & Kazi Blacktea', 'mirpur,dhaka, dhaka', '', NULL, '', '01849942053', NULL, 'kazi@gmail.com', NULL, NULL, NULL, NULL, NULL, NULL, 6, 6, NULL, '2020-02-08 22:41:34', '2020-02-08 22:41:34', 1, NULL),
(18, NULL, 'Finlays Green Tea', 'Finlays Green Tea', 'mirpur,dhaka, dhaka', '', NULL, '', '01849942053', NULL, 'finlays@gmail.com', NULL, NULL, NULL, NULL, NULL, NULL, 6, 6, NULL, '2020-02-08 22:42:58', '2020-02-08 22:42:58', 1, NULL),
(19, '18', 'Taaza', 'Taaza', 'mirpur,dhaka, dhaka', '', NULL, '', '01849942053', NULL, 'Taaza@gmail.com', NULL, NULL, NULL, NULL, NULL, NULL, 6, 6, NULL, '2020-02-08 22:44:21', '2020-02-08 22:44:21', 1, NULL),
(20, '20', 'Fresh', 'Fresh', 'mirpur,dhaka, dhaka', '', NULL, '', '01849942053', NULL, 'fresh@gmail.com', NULL, NULL, NULL, NULL, NULL, NULL, 6, 6, NULL, '2020-02-08 22:52:45', '2020-02-08 22:52:45', 1, NULL),
(21, '21', 'Pepsi', 'Pepsi', 'mirpur,dhaka, dhaka', '', NULL, '', '01849942053', NULL, 'Pepsi@gmail.com', NULL, NULL, NULL, NULL, NULL, NULL, 6, 6, NULL, '2020-02-08 23:10:16', '2020-02-08 23:10:16', 1, NULL),
(22, '21', '7 Up Ligh', '7 Up Ligh', 'mirpur,dhaka, dhaka', '', NULL, '', '01849942053', NULL, 'up7@gmail.com', NULL, NULL, NULL, NULL, NULL, NULL, 6, 6, NULL, '2020-02-08 23:10:54', '2020-02-08 23:10:54', 1, NULL),
(23, '21', 'tmss', 'tmss', 'mirpur,dhaka, dhaka', '', NULL, '', '01849942053', NULL, 'taniafci81@gmail.com', NULL, NULL, NULL, NULL, NULL, NULL, 6, 6, NULL, '2020-02-09 00:23:47', '2020-02-09 00:23:47', 1, NULL),
(24, NULL, '', '', '', '', NULL, '', '', NULL, NULL, NULL, NULL, NULL, NULL, NULL, NULL, 6, 6, NULL, '2020-02-09 00:28:23', '2020-02-09 00:28:23', 1, NULL);

-- --------------------------------------------------------

--
-- Table structure for table `menu_internal_link`
--

CREATE TABLE `menu_internal_link` (
  `id` bigint(20) UNSIGNED NOT NULL,
  `menu_id` int(11) DEFAULT NULL,
  `link_name` varchar(191) COLLATE utf8mb4_unicode_ci NOT NULL,
  `menu_uid` varchar(191) COLLATE utf8mb4_unicode_ci NOT NULL,
  `link_uid` varchar(191) COLLATE utf8mb4_unicode_ci NOT NULL,
  `order_no` int(11) DEFAULT NULL,
  `panel_type` tinyint(4) NOT NULL,
  `status` tinyint(4) NOT NULL,
  `created_at` timestamp NULL DEFAULT NULL,
  `updated_at` timestamp NULL DEFAULT NULL
) ENGINE=InnoDB DEFAULT CHARSET=utf8mb4 COLLATE=utf8mb4_unicode_ci;

--
-- Dumping data for table `menu_internal_link`
--

INSERT INTO `menu_internal_link` (`id`, `menu_id`, `link_name`, `menu_uid`, `link_uid`, `order_no`, `panel_type`, `status`, `created_at`, `updated_at`) VALUES
(11, 1, 'add', 'Admin', 'Add', 1, 1, 1, '2019-10-08 06:07:00', '2019-11-19 04:19:45'),
(12, 1, 'edit', 'Admin', 'Edit', 2, 1, 1, '2019-10-08 06:07:00', '2019-11-19 04:19:45'),
(13, 1, 'delete', 'Admin', 'Delete', 3, 1, 1, '2019-10-08 06:07:00', '2019-11-19 04:19:45'),
(17, 9, 'add', 'Admin Role', 'add', 1, 1, 1, '2019-10-18 22:11:55', '2019-10-18 22:11:55'),
(18, 9, 'edit', 'Admin Role', 'edit', 2, 1, 1, '2019-10-18 22:11:55', '2019-10-18 22:11:55'),
(19, 9, 'delete', 'Admin Role', 'delete', 3, 1, 1, '2019-10-18 22:11:55', '2019-10-18 22:11:55'),
(37, 18, 'add', 'Manager', 'add', 1, 1, 1, '2019-11-04 01:16:29', '2020-01-12 01:15:24'),
(38, 18, 'edit', 'Manager', 'edit', 2, 1, 1, '2019-11-04 01:16:29', '2020-01-12 01:15:24'),
(40, 18, 'delete', 'Manager', 'delete', 3, 1, 1, '2019-11-18 01:47:37', '2020-01-12 01:15:24'),
(53, 39, 'add', 'Inventory Category', 'add', 1, 2, 1, '2019-12-11 22:27:24', '2019-12-11 22:27:24'),
(54, 39, 'edit', 'Inventory Category', 'edit', 2, 2, 1, '2019-12-11 22:27:25', '2019-12-11 22:27:25'),
(55, 39, 'delete', 'Inventory Category', 'delete', 3, 2, 1, '2019-12-11 22:27:25', '2019-12-11 22:27:25'),
(56, 40, 'add', 'Inventory Item', 'add', 1, 2, 1, '2019-12-11 22:38:49', '2019-12-11 22:39:57'),
(57, 40, 'edit', 'Inventory Item', 'edit', 2, 2, 1, '2019-12-11 22:38:49', '2019-12-11 22:39:57'),
(58, 40, 'delete', 'Inventory Item', 'delete', 3, 2, 1, '2019-12-11 22:38:49', '2019-12-11 22:39:58'),
(59, 41, 'add', 'Inventory Receive', 'add', 1, 2, 1, '2019-12-11 22:41:29', '2019-12-11 22:41:29'),
(60, 41, 'edit', 'Inventory Receive', 'edit', 2, 2, 1, '2019-12-11 22:41:29', '2019-12-11 22:41:29'),
(61, 41, 'delete', 'Inventory Receive', 'delete', 3, 2, 1, '2019-12-11 22:41:29', '2019-12-11 22:41:29'),
(62, 44, 'add', 'vendor', 'add', 1, 2, 1, '2019-12-21 23:31:48', '2019-12-21 23:47:31'),
(63, 44, 'edit', 'vendor', 'edit', 2, 2, 1, '2019-12-21 23:31:48', '2019-12-21 23:47:31'),
(64, 44, 'delete', 'vendor', 'delete', 3, 2, 1, '2019-12-21 23:31:48', '2019-12-21 23:47:31'),
(65, 45, 'add', 'salesperson', 'add', 1, 1, 1, '2019-12-21 23:55:17', '2019-12-21 23:55:17'),
(66, 45, 'edit', 'salesperson', 'edit', 2, 1, 1, '2019-12-21 23:55:17', '2019-12-21 23:55:17'),
(67, 45, 'delete', 'salesperson', 'delete', 3, 1, 1, '2019-12-21 23:55:17', '2019-12-21 23:55:17'),
(68, 46, 'add', 'cusotmer', 'add', 1, 2, 1, '2019-12-22 01:50:09', '2019-12-22 01:50:09'),
(69, 46, 'edit', 'cusotmer', 'edit', 2, 2, 1, '2019-12-22 01:50:09', '2019-12-22 01:50:09'),
(70, 46, 'delete', 'cusotmer', 'delete', 3, 2, 1, '2019-12-22 01:50:09', '2019-12-22 01:50:09'),
(71, 73, 'add', 'Role', 'add', 1, 1, 1, '2020-01-14 04:52:20', '2020-01-14 04:52:20'),
(72, 73, 'edit', 'Role', 'edit', 2, 1, 1, '2020-01-14 04:52:20', '2020-01-14 04:52:20'),
(73, 73, 'delete', 'Role', 'delete', 3, 1, 1, '2020-01-14 04:52:20', '2020-01-14 04:52:20');

-- --------------------------------------------------------

--
-- Table structure for table `menu_panel`
--

CREATE TABLE `menu_panel` (
  `id` int(11) NOT NULL,
  `type_name` varchar(30) NOT NULL,
  `status` tinyint(4) NOT NULL DEFAULT 1
) ENGINE=InnoDB DEFAULT CHARSET=latin1;

--
-- Dumping data for table `menu_panel`
--

INSERT INTO `menu_panel` (`id`, `type_name`, `status`) VALUES
(1, 'Admin', 1),
(2, 'user', 1);

-- --------------------------------------------------------

--
-- Table structure for table `menu_tabe`
--

CREATE TABLE `menu_tabe` (
  `id` bigint(20) UNSIGNED NOT NULL,
  `menu_name` varchar(191) COLLATE utf8mb4_unicode_ci NOT NULL,
  `uid` varchar(191) COLLATE utf8mb4_unicode_ci NOT NULL,
  `parent_id` int(11) DEFAULT NULL,
  `order_no` int(11) DEFAULT NULL,
  `menu_link` varchar(191) COLLATE utf8mb4_unicode_ci DEFAULT NULL,
  `has_child` tinyint(4) NOT NULL,
  `menu_icon` varchar(191) COLLATE utf8mb4_unicode_ci NOT NULL,
  `panel_type` tinyint(4) DEFAULT NULL,
  `status` tinyint(4) DEFAULT NULL,
  `is_top_bar` tinyint(4) DEFAULT NULL,
  `created_at` timestamp NULL DEFAULT NULL,
  `updated_at` timestamp NULL DEFAULT NULL
) ENGINE=InnoDB DEFAULT CHARSET=utf8mb4 COLLATE=utf8mb4_unicode_ci;

--
-- Dumping data for table `menu_tabe`
--

INSERT INTO `menu_tabe` (`id`, `menu_name`, `uid`, `parent_id`, `order_no`, `menu_link`, `has_child`, `menu_icon`, `panel_type`, `status`, `is_top_bar`, `created_at`, `updated_at`) VALUES
(1, 'Admin', 'Admin', 29, 1, '/adminlist', 0, 'icon-user', 1, 1, 0, '2019-10-07 03:24:41', '2019-11-28 00:46:34'),
(9, 'Admin Role', 'Admin Role', 29, 8, '/adminRole', 0, 'icon-user', 1, 1, 0, '2019-10-18 22:11:55', '2019-11-28 00:51:41'),
(18, 'Manager', 'Manager', 29, 15, '/userlist', 0, 'icon-user', 1, 1, 0, '2019-11-04 01:16:29', '2020-01-12 01:15:24'),
(29, 'Management', 'Mnagement', 0, 19, NULL, 1, 'icon-group', 1, 1, 0, '2019-11-28 00:40:56', '2020-01-12 01:14:44'),
(37, 'Inventory', 'Inventory', 0, 20, NULL, 1, 'icon-archive', 2, 1, 0, '2019-12-11 22:06:14', '2020-01-08 04:47:21'),
(39, 'Inventory Category', 'Inventory Category', 37, 21, '/inventory_category', 0, 'icon-reorder', 2, 1, 0, '2019-12-11 22:26:03', '2019-12-11 22:26:03'),
(40, 'Inventory Item', 'Inventory Item', 37, 22, '/inventory_item', 0, 'icon-plus', 2, 1, 1, '2019-12-11 22:38:49', '2020-01-16 03:23:23'),
(41, 'Inventory Receive', 'Inventory Receive', 37, 23, '/inventory_receive', 0, 'icon-signin', 2, 1, 1, '2019-12-11 22:41:29', '2020-01-16 03:24:04'),
(43, 'Setting', 'setting', 0, 25, '/setting', 1, 'icon-cogs', 1, 1, 0, '2019-12-16 21:53:44', '2019-12-16 21:53:44'),
(44, 'Vendor', 'vendor', 0, 26, '/vendor', 1, 'icon-group', 2, 1, 1, '2019-12-21 23:31:48', '2020-01-16 01:25:42'),
(45, 'SalesPerson', 'salesperson', 0, 27, '/salesPerson', 1, 'icon-table', 1, 1, 0, '2019-12-21 23:55:17', '2019-12-21 23:55:17'),
(46, 'Customer', 'cusotmer', 0, 28, '/customer', 1, 'icon-user', 2, 1, 1, '2019-12-22 01:50:09', '2020-01-16 03:14:19'),
(47, 'Pos', 'Pos', 0, 26, '/pos', 0, 'icon-edit-sign', 2, 1, 1, '2019-12-17 18:12:26', '2020-01-16 00:43:57'),
(48, 'Account Receivable', 'Account Receivable', 0, 27, '/account_receivable', 1, 'icon-edit-sign', 2, 1, 0, '2019-12-23 16:47:26', '2019-12-23 16:47:26'),
(49, 'View Statement', 'View Statement', 48, 28, '/view_statement', 0, 'icon-file-text-alt', 2, 1, 1, '2019-12-23 16:52:35', '2020-01-16 03:01:07'),
(50, 'Report', 'Report', 0, 29, NULL, 1, 'icon-table', 2, 1, 0, '2019-12-25 21:17:54', '2020-01-07 21:37:39'),
(51, 'Inventory', 'inventory', 50, 30, NULL, 1, 'icon-table', 2, 1, 0, '2019-12-25 21:18:55', '2020-01-08 04:38:07'),
(52, 'Item List', 'item list', 51, 31, '/itemlist', 0, 'icon-table', 2, 1, 0, '2019-12-25 21:20:09', '2020-01-08 04:41:04'),
(53, 'Best Seller', 'best seller', 51, 32, '/bestseller', 0, 'icon-table', 2, 1, 0, '2019-12-25 21:22:30', '2020-01-08 04:41:51'),
(54, 'Worst Seller', 'worst seller', 51, 33, '/worstseller', 0, 'icon-table', 2, 1, 0, '2019-12-25 21:23:17', '2020-01-08 04:41:58'),
(55, 'Items On Order', 'intems on order', 51, 34, '/itemsorder', 0, 'icon-table', 2, 1, 0, '2019-12-26 01:28:25', '2020-01-08 04:40:59'),
(56, 'Price List', 'Price List', 51, 35, '/pricelist', 0, 'icon-table', 2, 1, 0, '2019-12-27 21:17:23', '2020-01-08 04:42:06'),
(57, 'Customer', 'Customer', 50, 36, NULL, 1, 'icon-table', 2, 1, 0, '2019-12-27 21:21:46', '2020-01-08 04:36:57'),
(58, 'Customer List', 'Customer List', 57, 37, '/customerlist', 0, 'icon-table', 2, 1, 0, '2019-12-27 21:22:55', '2020-01-08 04:36:54'),
(59, 'Vendor', 'vendor', 50, 38, NULL, 1, 'icon-table', 2, 1, 0, '2019-12-27 21:27:18', '2020-01-08 04:36:43'),
(60, 'Vendor List', 'vendor list', 59, 39, '/vendorlist', 0, 'icon-table', 2, 1, 0, '2019-12-27 21:29:58', '2020-01-08 04:36:39'),
(61, 'Sales Person', 'Sales Person', 50, 40, NULL, 1, 'icon-table', 2, 1, 0, '2019-12-27 22:48:29', '2020-01-08 04:39:09'),
(62, 'Salesperson List', 'Salesperson List', 61, 41, '/salespersonlist', 0, 'icon-table', 2, 1, 0, '2019-12-27 22:53:48', '2020-01-08 04:38:44'),
(63, 'Physical Inventory List', 'Physical Inventory', 51, 42, '/physicalinventory', 1, 'icon-table', 2, 1, 0, '2019-12-28 02:42:52', '2020-01-08 04:38:03'),
(64, 'Inventory Value By Category', 'Inventory Value By Category', 51, 43, 'inv-value-by-category', 0, 'icon-table', 2, 1, 0, '2019-12-28 22:25:32', '2020-01-08 04:37:59'),
(65, 'Inventory Value By Vendor', 'Inventory Value By Vendor', 51, 44, 'inv-value-by-vendor', 0, 'icon-table', 2, 1, 0, '2019-12-29 03:39:52', '2020-01-09 03:26:14'),
(66, 'Items Bellow Recoder Level', 'Items Bellow Recoder Level', 51, 45, 'items-bellow-reorder-level', 0, 'icon-table', 2, 1, 0, '2019-12-29 04:59:23', '2020-01-08 04:40:55'),
(67, 'Inventory Sales Report', 'Inventory Sales Report', 51, 46, '/inventory-sales-report', 0, 'icon-table', 2, 1, 0, '2019-12-30 08:44:48', '2020-01-08 04:37:50'),
(68, 'Invoice History', 'Invoice History', 50, 47, '/invoicehistory', 0, 'icon-table', 2, 1, 0, '2019-12-31 11:00:50', '2020-01-08 04:39:55'),
(69, 'Accounts', 'Accounts', 50, 48, '/accounts', 0, 'icon-table', 2, 1, 0, '2020-01-02 11:05:36', '2020-01-08 04:40:25'),
(70, 'Account Receiveable report', 'Account Receiveable report', 50, 49, NULL, 1, 'icon-table', 2, 1, 0, '2020-01-05 23:01:10', '2020-01-08 04:37:19'),
(71, 'AR Aging Report', 'AR Asing Report', 70, 50, '/ar-asing-report', 0, 'icon-table', 2, 1, 0, '2020-01-05 23:04:04', '2020-01-08 04:37:08'),
(72, 'Post AR Payment', 'Post AR Payment', 48, 29, '/post_ar_payment', 1, 'icon-check', 2, 1, 1, '2019-12-27 17:08:29', '2020-01-16 03:01:21'),
(73, 'Role', 'Role', 29, 51, '/userRole', 0, 'icon-user', 1, 1, 0, '2020-01-14 04:52:20', '2020-01-14 04:52:20');

-- --------------------------------------------------------

--
-- Table structure for table `password_resets`
--

CREATE TABLE `password_resets` (
  `email` varchar(191) COLLATE utf8mb4_unicode_ci NOT NULL,
  `token` varchar(191) COLLATE utf8mb4_unicode_ci NOT NULL,
  `created_at` timestamp NULL DEFAULT NULL
) ENGINE=InnoDB DEFAULT CHARSET=utf8mb4 COLLATE=utf8mb4_unicode_ci;

-- --------------------------------------------------------

--
-- Table structure for table `users`
--

CREATE TABLE `users` (
  `id` bigint(20) UNSIGNED NOT NULL,
  `name` varchar(191) COLLATE utf8mb4_unicode_ci NOT NULL,
  `username` varchar(191) COLLATE utf8mb4_unicode_ci NOT NULL,
  `password` varchar(191) COLLATE utf8mb4_unicode_ci NOT NULL,
  `email` varchar(191) COLLATE utf8mb4_unicode_ci NOT NULL,
  `email_verified_at` timestamp NULL DEFAULT NULL,
  `status` tinyint(4) NOT NULL,
  `designation_status` int(11) NOT NULL DEFAULT 1,
  `remember_token` varchar(100) COLLATE utf8mb4_unicode_ci DEFAULT NULL,
  `created_at` timestamp NULL DEFAULT NULL,
  `updated_at` timestamp NULL DEFAULT NULL,
  `created_by` int(11) DEFAULT NULL,
  `updated_by` int(11) DEFAULT NULL,
  `deleted_by` int(11) DEFAULT NULL,
  `deleted_at` timestamp NULL DEFAULT NULL,
  `valid` tinyint(4) DEFAULT 1,
  `photo` varchar(191) COLLATE utf8mb4_unicode_ci NOT NULL
) ENGINE=InnoDB DEFAULT CHARSET=utf8mb4 COLLATE=utf8mb4_unicode_ci;

--
-- Dumping data for table `users`
--

INSERT INTO `users` (`id`, `name`, `username`, `password`, `email`, `email_verified_at`, `status`, `designation_status`, `remember_token`, `created_at`, `updated_at`, `created_by`, `updated_by`, `deleted_by`, `deleted_at`, `valid`, `photo`) VALUES
(1, 'User', 'user', '$2y$10$kcx8dryv/gd167ibP1yG0unjn2Dgnj4PFku9Iy/B25vL60sCkqtGS', 'u@gmail.com', NULL, 1, 1, NULL, '2019-09-19 04:15:20', '2020-01-11 01:05:31', NULL, 1, 1, '2019-11-20 22:33:12', 1, '1572763520.jpeg'),
(4, 'simu khan', 'simu234', '$2y$10$Jo5e3Kr/aYDFsiqzhFNBo.fxq6TaLx6OOYaz/CYSnWnmKH4SLy5sa', 'simu@gmail.com', NULL, 1, 1, NULL, '2019-09-20 03:09:32', '2019-11-20 22:23:38', NULL, 1, NULL, NULL, 1, '1572763530.jpeg'),
(7, 'shojib ahamed', 'shjib234', '$2y$10$GUbF1UiCBTumFZzJ0wlgTeOBRbP3MpPvorWXTmk0VxnsaZNTr3w6G', 'shojib@gmail.com', NULL, 1, 1, NULL, '2019-09-22 04:59:14', '2019-11-21 01:11:16', NULL, 1, 4, '2019-11-21 01:11:16', 0, '1572763542.jpeg'),
(8, 'Faysal', 'faysal234', '$2y$10$H/3kWfL/083lzX0MeF7wROvUDlWx0vgM3dR/KCnQMadHQlUtcXzGa', 'faysal@gmail.com', NULL, 1, 1, NULL, '2019-09-22 05:00:50', '2019-10-07 05:54:08', NULL, 1, 1, '2019-10-07 05:54:08', 0, '1570398299.jpeg'),
(9, 'Nirob khan', 'nirob234', '$2y$10$MzkAbH9yUhbeJ4RDrJpii.zETD0whmgoomgvdU3WlkZOA5iHeHyZC', 'nirob@gmail.com', NULL, 1, 1, NULL, '2019-09-24 00:31:32', '2019-11-21 01:08:30', NULL, 1, 4, '2019-11-21 01:08:30', 0, '1572763571.jpeg'),
(10, 'user test jio', 'us234', '$2y$10$W.mnk.hA3pDXdgn4to3GPec7FgEqg0FPZmlXq7X4yzTjBRTWjskdC', 'us@gmail.com', NULL, 1, 1, NULL, '2019-09-26 04:54:24', '2019-09-26 04:55:26', 1, 1, 1, '2019-09-26 04:55:26', 0, ''),
(11, '4rttt', 'shs', '$2y$10$Lddpq42nTiH/PX/w8cy5vOiQy4y25BFtmnLO7BMLnoK0JXUXqvBym', 's@gmail.com', NULL, 1, 1, NULL, '2019-09-28 23:45:29', '2019-09-29 01:08:54', 1, 1, 1, '2019-09-29 01:08:54', 0, '1569689302.png'),
(12, 'Depa Choudhury', 'na234', '$2y$10$BqNi/ne.re/zymBv/Mh2AOKz2h6gzd.oSpIk0SrQs7t0GW9WEBJYW', 'na@gmail.com', NULL, 1, 1, NULL, '2019-09-29 00:36:05', '2019-11-25 21:39:20', 1, 1, NULL, NULL, 1, 'default.png'),
(13, 'hus', 'hus23', '$2y$10$BX4QacatjET8CSl2yAI2PuCxOo0rgUA5Fgr4P.ox/IDtFyFmbHuxS', 'hus@gmail.com', NULL, 1, 1, NULL, '2019-09-29 00:37:38', '2019-11-03 00:46:58', 1, 1, 1, '2019-11-03 00:46:58', 0, '1569696028.jpeg'),
(14, 'aluo', 'al56', '$2y$10$3XDbwEicucAMMR10hjwkGuZL/oj7aWlmhdIhLaR5XM5XmQ.IWyzZG', 'al56@gmail.com', NULL, 1, 1, NULL, '2019-09-29 00:39:30', '2019-11-03 00:47:04', 1, 1, 1, '2019-11-03 00:47:04', 0, '1570402330.jpeg'),
(15, 'sanoar hossain', 'sano124', '$2y$10$8G7ich75/28zCyzqYf5pp.OOi/7ePmumsw0CDSo7UC.FqEUYOfn/W', 'sa132@gmail.com', NULL, 1, 1, NULL, '2019-09-29 00:43:39', '2019-09-29 07:23:03', 1, 1, 1, '2019-09-29 07:23:03', 0, 'default.png'),
(16, 'lorol fty', 'lirol237', '$2y$10$GUGz6MXTTROuduxXtTtdL.6lsZ0dI.K3AeftlG0RUHHwoyMKhrDym', 'lirol@gmail.com', NULL, 1, 1, NULL, '2019-09-29 01:03:52', '2019-11-03 00:47:01', 1, 1, 1, '2019-11-03 00:47:01', 0, '1569696763.jpeg'),
(17, 'solimullah khan', 'soli34', '$2y$10$1x6As1yctBvZS5boMTze.u7wgdYdmuB5vBqvdEyFNsbu25qf2jx72', 'soli@gmail.com', NULL, 1, 1, NULL, '2019-09-29 01:33:08', '2019-10-07 05:52:32', 1, 1, 1, '2019-10-07 05:52:32', 0, '1570402258.png'),
(18, 'sakooo', '66667', '$2y$10$UwwALIw7HNyHdHi8G7wWleirOeJlLs2DnEaMPLhDaBLU9071VqW36', 'gh7766@gmail.com', NULL, 1, 1, NULL, '2019-09-29 01:37:53', '2019-09-29 01:57:57', 1, NULL, 1, '2019-09-29 01:57:57', 0, '1569695873.jpeg'),
(19, 'soifiqul hoque t', 'soifiqul234', '$2y$10$VFX0L10ws038IjMYD9l.2uzMaz7Rg8wToUq11I65tgsgqNOcJWf2i', 'soiful@gmail.com', NULL, 1, 1, NULL, '2019-10-07 05:53:22', '2019-11-20 22:24:28', 1, 1, NULL, NULL, 1, '1574071740.jpeg'),
(20, 'ksdkfhskdfh', 'sdjf', '$2y$10$xVfh/BBWI3J/NhhZNCbwAeDzpfbo6/wG8yAePCQpL.ppi/NIptKHW', 'sdflj@gmail.com', NULL, 1, 1, NULL, '2019-11-03 00:44:37', '2019-11-12 21:40:06', 1, 1, 1, '2019-11-12 21:40:06', 0, 'default.png'),
(21, 'shaown', 'shaown234', '$2y$10$2IkN9tHpKmBP5OiMy8fbl.W7eewtS15pU1AkV4LJz3Obik2pnRhUy', 'shaoen234@gmail.com', NULL, 1, 1, NULL, '2019-11-12 21:45:25', '2019-11-12 22:20:34', 1, 1, 1, '2019-11-12 22:20:34', 0, '1573618194.jpeg'),
(22, 'Arif Mahamud', 'arif234', '$2y$10$Oiy/PhJ2zD2eHJCq0rlw1.qTx5c.lG7DV5UqMeh/AqBnxoSFcABfm', 'arif@gmail.com', NULL, 1, 1, NULL, '2019-11-12 22:23:34', '2019-11-19 03:28:24', 1, 1, NULL, NULL, 1, '1573619028.jpeg'),
(23, 'Aliar Udoy', 'aliar234', '$2y$10$hfrkz0ggiSU8Bllxq9cJG.0DR7OEpN3M7lAmUSWGith8vhIJYQyOm', 'alir@gmail.com', NULL, 1, 1, NULL, '2019-11-13 03:17:31', '2019-11-28 04:46:42', 1, 1, NULL, NULL, 1, '1574938002.jpeg'),
(24, 'test user', 'testuser234', '$2y$10$6YJcaydQYWFEnTRVZLfln..v7nW1V7ZNtpj.5xEZFUkf7tmcsfXNu', 'testuser@gmsil.com', NULL, 1, 1, NULL, '2019-11-21 01:08:15', '2019-11-21 01:12:54', 4, 4, 4, '2019-11-21 01:12:54', 0, 'default.png'),
(25, 'samsul haque', 'samsul234', '$2y$10$h6Y69qUXx72EiCBaeUL9GeAdqZw/UbvhJrc9mttQXgdWjWhx10qna', 'samsul@gmail.com', NULL, 1, 1, NULL, '2019-11-21 01:15:07', '2019-11-28 00:36:38', 4, 1, 1, '2019-11-28 00:36:38', 0, 'default.png'),
(26, 'test user dh', 'srtwdh234', '$2y$10$Y16/aLWLtK2EtiPzX0CuMube4r/q4f0pnb6o3h2J2zvr9UwDY3WEK', 'sd345@gamail.com', NULL, 1, 1, NULL, '2019-11-28 00:35:42', '2019-11-28 00:36:30', 1, 1, 1, '2019-11-28 00:36:30', 0, '1574922956.jpeg'),
(27, 'c', 'df', '$2y$10$TgkrpDiF9od81iDn4LPDw.9Ir9xadaN8N7gR8JD1Np7R76ycjSnVe', 'q@gmil.com', NULL, 1, 1, NULL, '2019-12-02 03:20:31', '2019-12-02 03:20:38', 1, NULL, 1, '2019-12-02 03:20:38', 0, '1575228031.jpeg');

-- --------------------------------------------------------

--
-- Table structure for table `user_access_role`
--

CREATE TABLE `user_access_role` (
  `id` bigint(20) UNSIGNED NOT NULL,
  `menu_id` int(11) DEFAULT NULL,
  `role_id` int(11) DEFAULT NULL,
  `interlink_id` int(11) DEFAULT NULL,
  `created_by` int(11) DEFAULT NULL,
  `updated_by` int(11) DEFAULT NULL,
  `deleted_by` int(11) DEFAULT NULL,
  `deleted_at` timestamp NULL DEFAULT NULL,
  `valid` tinyint(4) NOT NULL,
  `created_at` timestamp NULL DEFAULT NULL,
  `updated_at` timestamp NULL DEFAULT NULL
) ENGINE=InnoDB DEFAULT CHARSET=utf8mb4 COLLATE=utf8mb4_unicode_ci;

--
-- Dumping data for table `user_access_role`
--

INSERT INTO `user_access_role` (`id`, `menu_id`, `role_id`, `interlink_id`, `created_by`, `updated_by`, `deleted_by`, `deleted_at`, `valid`, `created_at`, `updated_at`) VALUES
(1, 37, 3, 0, 1, 1, 1, '2020-01-20 00:37:35', 0, '2020-01-20 00:05:40', '2020-01-20 00:37:35'),
(2, 39, 3, 53, 1, 1, 1, '2020-01-20 00:37:36', 0, '2020-01-20 00:05:40', '2020-01-20 00:37:36'),
(3, 39, 3, 54, 1, 1, 1, '2020-01-20 00:37:36', 0, '2020-01-20 00:05:40', '2020-01-20 00:37:36'),
(4, 39, 3, 55, 1, 1, 1, '2020-01-20 00:37:36', 0, '2020-01-20 00:05:40', '2020-01-20 00:37:36'),
(5, 39, 3, 0, 1, 1, 1, '2020-01-20 00:37:36', 0, '2020-01-20 00:05:40', '2020-01-20 00:37:36'),
(6, 40, 3, 56, 1, 1, 1, '2020-01-20 00:37:36', 0, '2020-01-20 00:05:40', '2020-01-20 00:37:36'),
(7, 40, 3, 57, 1, 1, 1, '2020-01-20 00:37:36', 0, '2020-01-20 00:05:40', '2020-01-20 00:37:36'),
(8, 40, 3, 58, 1, 1, 1, '2020-01-20 00:37:36', 0, '2020-01-20 00:05:40', '2020-01-20 00:37:36'),
(9, 40, 3, 0, 1, 1, 1, '2020-01-20 00:37:36', 0, '2020-01-20 00:05:40', '2020-01-20 00:37:36'),
(10, 41, 3, 59, 1, 1, 1, '2020-01-20 00:37:36', 0, '2020-01-20 00:05:40', '2020-01-20 00:37:36'),
(11, 41, 3, 60, 1, 1, 1, '2020-01-20 00:37:36', 0, '2020-01-20 00:05:40', '2020-01-20 00:37:36'),
(12, 41, 3, 61, 1, 1, 1, '2020-01-20 00:37:36', 0, '2020-01-20 00:05:40', '2020-01-20 00:37:36'),
(13, 41, 3, 0, 1, 1, 1, '2020-01-20 00:37:36', 0, '2020-01-20 00:05:40', '2020-01-20 00:37:36'),
(14, 44, 3, 62, 1, 1, 1, '2020-01-20 00:37:36', 0, '2020-01-20 00:05:40', '2020-01-20 00:37:36'),
(15, 44, 3, 63, 1, 1, 1, '2020-01-20 00:37:36', 0, '2020-01-20 00:05:40', '2020-01-20 00:37:36'),
(16, 44, 3, 64, 1, 1, 1, '2020-01-20 00:37:36', 0, '2020-01-20 00:05:40', '2020-01-20 00:37:36'),
(17, 44, 3, 0, 1, 1, 1, '2020-01-20 00:37:37', 0, '2020-01-20 00:05:40', '2020-01-20 00:37:37'),
(18, 46, 3, 68, 1, 1, 1, '2020-01-20 00:37:37', 0, '2020-01-20 00:05:40', '2020-01-20 00:37:37'),
(19, 46, 3, 69, 1, 1, 1, '2020-01-20 00:37:37', 0, '2020-01-20 00:05:40', '2020-01-20 00:37:37'),
(20, 46, 3, 70, 1, 1, 1, '2020-01-20 00:37:37', 0, '2020-01-20 00:05:40', '2020-01-20 00:37:37'),
(21, 46, 3, 0, 1, 1, 1, '2020-01-20 00:37:37', 0, '2020-01-20 00:05:40', '2020-01-20 00:37:37'),
(22, 47, 3, 0, 1, 1, 1, '2020-01-20 00:37:37', 0, '2020-01-20 00:05:40', '2020-01-20 00:37:37'),
(23, 48, 3, 0, 1, 1, 1, '2020-01-20 00:37:37', 0, '2020-01-20 00:05:40', '2020-01-20 00:37:37'),
(24, 49, 3, 0, 1, 1, 1, '2020-01-20 00:37:37', 0, '2020-01-20 00:05:40', '2020-01-20 00:37:37'),
(25, 72, 3, 0, 1, 1, 1, '2020-01-20 00:37:37', 0, '2020-01-20 00:05:41', '2020-01-20 00:37:37'),
(26, 50, 3, 0, 1, 1, 1, '2020-01-20 00:07:08', 0, '2020-01-20 00:05:41', '2020-01-20 00:07:08'),
(27, 51, 3, 0, 1, 1, 1, '2020-01-20 00:07:08', 0, '2020-01-20 00:05:41', '2020-01-20 00:07:08'),
(28, 52, 3, 0, 1, 1, 1, '2020-01-20 00:07:08', 0, '2020-01-20 00:05:41', '2020-01-20 00:07:08'),
(29, 53, 3, 0, 1, 1, 1, '2020-01-20 00:07:08', 0, '2020-01-20 00:05:41', '2020-01-20 00:07:08'),
(30, 54, 3, 0, 1, 1, 1, '2020-01-20 00:07:08', 0, '2020-01-20 00:05:41', '2020-01-20 00:07:08'),
(31, 55, 3, 0, 1, 1, 1, '2020-01-20 00:07:08', 0, '2020-01-20 00:05:41', '2020-01-20 00:07:08'),
(32, 56, 3, 0, 1, 1, 1, '2020-01-20 00:07:08', 0, '2020-01-20 00:05:41', '2020-01-20 00:07:08'),
(33, 63, 3, 0, 1, 1, 1, '2020-01-20 00:07:08', 0, '2020-01-20 00:05:41', '2020-01-20 00:07:08'),
(34, 64, 3, 0, 1, 1, 1, '2020-01-20 00:07:08', 0, '2020-01-20 00:05:41', '2020-01-20 00:07:08'),
(35, 65, 3, 0, 1, 1, 1, '2020-01-20 00:07:08', 0, '2020-01-20 00:05:41', '2020-01-20 00:07:08'),
(36, 66, 3, 0, 1, 1, 1, '2020-01-20 00:07:08', 0, '2020-01-20 00:05:41', '2020-01-20 00:07:08'),
(37, 67, 3, 0, 1, 1, 1, '2020-01-20 00:07:09', 0, '2020-01-20 00:05:41', '2020-01-20 00:07:09'),
(38, 57, 3, 0, 1, 1, 1, '2020-01-20 00:07:09', 0, '2020-01-20 00:05:41', '2020-01-20 00:07:09'),
(39, 58, 3, 0, 1, 1, 1, '2020-01-20 00:07:09', 0, '2020-01-20 00:05:41', '2020-01-20 00:07:09'),
(40, 59, 3, 0, 1, 1, 1, '2020-01-20 00:07:09', 0, '2020-01-20 00:05:41', '2020-01-20 00:07:09'),
(41, 60, 3, 0, 1, 1, 1, '2020-01-20 00:07:09', 0, '2020-01-20 00:05:41', '2020-01-20 00:07:09'),
(42, 61, 3, 0, 1, 1, 1, '2020-01-20 00:07:09', 0, '2020-01-20 00:05:41', '2020-01-20 00:07:09'),
(43, 62, 3, 0, 1, 1, 1, '2020-01-20 00:07:09', 0, '2020-01-20 00:05:41', '2020-01-20 00:07:09'),
(44, 68, 3, 0, 1, 1, 1, '2020-01-20 00:07:09', 0, '2020-01-20 00:05:41', '2020-01-20 00:07:09'),
(45, 69, 3, 0, 1, 1, 1, '2020-01-20 00:07:09', 0, '2020-01-20 00:05:41', '2020-01-20 00:07:09'),
(46, 70, 3, 0, 1, 1, 1, '2020-01-20 00:07:09', 0, '2020-01-20 00:05:41', '2020-01-20 00:07:09'),
(47, 71, 3, 0, 1, 1, 1, '2020-01-20 00:07:09', 0, '2020-01-20 00:05:41', '2020-01-20 00:07:09'),
(48, 37, 2, 0, 1, 1, NULL, NULL, 1, '2020-01-20 00:06:10', '2020-01-20 00:06:10'),
(49, 39, 2, 53, 1, 1, NULL, NULL, 1, '2020-01-20 00:06:10', '2020-01-20 00:06:10'),
(50, 39, 2, 54, 1, 1, NULL, NULL, 1, '2020-01-20 00:06:11', '2020-01-20 00:06:11'),
(51, 39, 2, 55, 1, 1, NULL, NULL, 1, '2020-01-20 00:06:11', '2020-01-20 00:06:11'),
(52, 39, 2, 0, 1, 1, NULL, NULL, 1, '2020-01-20 00:06:11', '2020-01-20 00:06:11'),
(53, 40, 2, 56, 1, 1, NULL, NULL, 1, '2020-01-20 00:06:11', '2020-01-20 00:06:11'),
(54, 40, 2, 57, 1, 1, NULL, NULL, 1, '2020-01-20 00:06:11', '2020-01-20 00:06:11'),
(55, 40, 2, 58, 1, 1, NULL, NULL, 1, '2020-01-20 00:06:11', '2020-01-20 00:06:11'),
(56, 40, 2, 0, 1, 1, NULL, NULL, 1, '2020-01-20 00:06:11', '2020-01-20 00:06:11'),
(57, 41, 2, 59, 1, 1, NULL, NULL, 1, '2020-01-20 00:06:11', '2020-01-20 00:06:11'),
(58, 41, 2, 60, 1, 1, NULL, NULL, 1, '2020-01-20 00:06:11', '2020-01-20 00:06:11'),
(59, 41, 2, 61, 1, 1, NULL, NULL, 1, '2020-01-20 00:06:11', '2020-01-20 00:06:11'),
(60, 41, 2, 0, 1, 1, NULL, NULL, 1, '2020-01-20 00:06:11', '2020-01-20 00:06:11'),
(61, 44, 2, 62, 1, 1, NULL, NULL, 1, '2020-01-20 00:06:11', '2020-01-20 00:06:11'),
(62, 44, 2, 63, 1, 1, NULL, NULL, 1, '2020-01-20 00:06:11', '2020-01-20 00:06:11'),
(63, 44, 2, 64, 1, 1, NULL, NULL, 1, '2020-01-20 00:06:11', '2020-01-20 00:06:11'),
(64, 44, 2, 0, 1, 1, NULL, NULL, 1, '2020-01-20 00:06:11', '2020-01-20 00:06:11'),
(65, 46, 2, 68, 1, 1, NULL, NULL, 1, '2020-01-20 00:06:11', '2020-01-20 00:06:11'),
(66, 46, 2, 69, 1, 1, NULL, NULL, 1, '2020-01-20 00:06:11', '2020-01-20 00:06:11'),
(67, 46, 2, 70, 1, 1, NULL, NULL, 1, '2020-01-20 00:06:11', '2020-01-20 00:06:11'),
(68, 46, 2, 0, 1, 1, NULL, NULL, 1, '2020-01-20 00:06:11', '2020-01-20 00:06:11'),
(69, 47, 1, 0, 1, 1, NULL, NULL, 1, '2020-01-20 00:06:35', '2020-01-20 00:06:35'),
(70, 48, 1, 0, 1, 1, NULL, NULL, 1, '2020-01-20 00:06:35', '2020-01-20 00:06:35'),
(71, 49, 1, 0, 1, 1, NULL, NULL, 1, '2020-01-20 00:06:35', '2020-01-20 00:06:35'),
(72, 72, 1, 0, 1, 1, NULL, NULL, 1, '2020-01-20 00:06:35', '2020-01-20 00:06:35'),
(73, 50, 1, 0, 1, 1, NULL, NULL, 1, '2020-01-20 00:06:35', '2020-01-20 00:06:35'),
(74, 51, 1, 0, 1, 1, NULL, NULL, 1, '2020-01-20 00:06:35', '2020-01-20 00:06:35'),
(75, 52, 1, 0, 1, 1, NULL, NULL, 1, '2020-01-20 00:06:35', '2020-01-20 00:06:35'),
(76, 53, 1, 0, 1, 1, NULL, NULL, 1, '2020-01-20 00:06:35', '2020-01-20 00:06:35'),
(77, 54, 1, 0, 1, 1, NULL, NULL, 1, '2020-01-20 00:06:35', '2020-01-20 00:06:35'),
(78, 55, 1, 0, 1, 1, NULL, NULL, 1, '2020-01-20 00:06:35', '2020-01-20 00:06:35'),
(79, 56, 1, 0, 1, 1, NULL, NULL, 1, '2020-01-20 00:06:36', '2020-01-20 00:06:36'),
(80, 63, 1, 0, 1, 1, NULL, NULL, 1, '2020-01-20 00:06:36', '2020-01-20 00:06:36'),
(81, 64, 1, 0, 1, 1, NULL, NULL, 1, '2020-01-20 00:06:36', '2020-01-20 00:06:36'),
(82, 65, 1, 0, 1, 1, NULL, NULL, 1, '2020-01-20 00:06:36', '2020-01-20 00:06:36'),
(83, 66, 1, 0, 1, 1, NULL, NULL, 1, '2020-01-20 00:06:36', '2020-01-20 00:06:36'),
(84, 67, 1, 0, 1, 1, NULL, NULL, 1, '2020-01-20 00:06:36', '2020-01-20 00:06:36'),
(85, 57, 1, 0, 1, 1, NULL, NULL, 1, '2020-01-20 00:06:36', '2020-01-20 00:06:36'),
(86, 58, 1, 0, 1, 1, NULL, NULL, 1, '2020-01-20 00:06:36', '2020-01-20 00:06:36'),
(87, 59, 1, 0, 1, 1, NULL, NULL, 1, '2020-01-20 00:06:36', '2020-01-20 00:06:36'),
(88, 60, 1, 0, 1, 1, NULL, NULL, 1, '2020-01-20 00:06:36', '2020-01-20 00:06:36'),
(89, 61, 1, 0, 1, 1, NULL, NULL, 1, '2020-01-20 00:06:36', '2020-01-20 00:06:36'),
(90, 62, 1, 0, 1, 1, NULL, NULL, 1, '2020-01-20 00:06:36', '2020-01-20 00:06:36'),
(91, 68, 1, 0, 1, 1, NULL, NULL, 1, '2020-01-20 00:06:36', '2020-01-20 00:06:36'),
(92, 69, 1, 0, 1, 1, NULL, NULL, 1, '2020-01-20 00:06:36', '2020-01-20 00:06:36'),
(93, 70, 1, 0, 1, 1, NULL, NULL, 1, '2020-01-20 00:06:36', '2020-01-20 00:06:36'),
(94, 71, 1, 0, 1, 1, NULL, NULL, 1, '2020-01-20 00:06:36', '2020-01-20 00:06:36'),
(95, 50, 3, 0, 1, 1, 1, '2020-01-20 00:25:30', 0, '2020-01-20 00:23:38', '2020-01-20 00:25:30'),
(96, 51, 3, 0, 1, 1, 1, '2020-01-20 00:25:30', 0, '2020-01-20 00:23:38', '2020-01-20 00:25:30'),
(97, 52, 3, 0, 1, 1, 1, '2020-01-20 00:25:30', 0, '2020-01-20 00:23:38', '2020-01-20 00:25:30'),
(98, 53, 3, 0, 1, 1, 1, '2020-01-20 00:25:30', 0, '2020-01-20 00:23:38', '2020-01-20 00:25:30'),
(99, 54, 3, 0, 1, 1, 1, '2020-01-20 00:25:30', 0, '2020-01-20 00:23:39', '2020-01-20 00:25:30'),
(100, 55, 3, 0, 1, 1, 1, '2020-01-20 00:25:30', 0, '2020-01-20 00:23:39', '2020-01-20 00:25:30'),
(101, 56, 3, 0, 1, 1, 1, '2020-01-20 00:25:30', 0, '2020-01-20 00:23:39', '2020-01-20 00:25:30'),
(102, 63, 3, 0, 1, 1, 1, '2020-01-20 00:25:31', 0, '2020-01-20 00:23:39', '2020-01-20 00:25:31'),
(103, 64, 3, 0, 1, 1, 1, '2020-01-20 00:25:31', 0, '2020-01-20 00:23:39', '2020-01-20 00:25:31'),
(104, 65, 3, 0, 1, 1, 1, '2020-01-20 00:25:31', 0, '2020-01-20 00:23:39', '2020-01-20 00:25:31'),
(105, 66, 3, 0, 1, 1, 1, '2020-01-20 00:25:31', 0, '2020-01-20 00:23:39', '2020-01-20 00:25:31'),
(106, 67, 3, 0, 1, 1, 1, '2020-01-20 00:25:31', 0, '2020-01-20 00:23:39', '2020-01-20 00:25:31'),
(107, 57, 3, 0, 1, 1, 1, '2020-01-20 00:25:31', 0, '2020-01-20 00:23:39', '2020-01-20 00:25:31'),
(108, 58, 3, 0, 1, 1, 1, '2020-01-20 00:25:31', 0, '2020-01-20 00:23:39', '2020-01-20 00:25:31'),
(109, 59, 3, 0, 1, 1, 1, '2020-01-20 00:25:31', 0, '2020-01-20 00:23:39', '2020-01-20 00:25:31'),
(110, 60, 3, 0, 1, 1, 1, '2020-01-20 00:25:31', 0, '2020-01-20 00:23:39', '2020-01-20 00:25:31'),
(111, 61, 3, 0, 1, 1, 1, '2020-01-20 00:25:31', 0, '2020-01-20 00:23:39', '2020-01-20 00:25:31'),
(112, 62, 3, 0, 1, 1, 1, '2020-01-20 00:25:31', 0, '2020-01-20 00:23:39', '2020-01-20 00:25:31'),
(113, 68, 3, 0, 1, 1, 1, '2020-01-20 00:25:31', 0, '2020-01-20 00:23:39', '2020-01-20 00:25:31'),
(114, 69, 3, 0, 1, 1, 1, '2020-01-20 00:25:31', 0, '2020-01-20 00:23:39', '2020-01-20 00:25:31'),
(115, 70, 3, 0, 1, 1, 1, '2020-01-20 00:25:31', 0, '2020-01-20 00:23:39', '2020-01-20 00:25:31'),
(116, 71, 3, 0, 1, 1, 1, '2020-01-20 00:25:31', 0, '2020-01-20 00:23:39', '2020-01-20 00:25:31'),
(117, 47, 2, 0, 1, 1, 1, '2020-01-20 00:24:31', 0, '2020-01-20 00:24:15', '2020-01-20 00:24:31'),
(118, 50, 3, 0, 1, 1, 1, '2020-01-20 00:37:37', 0, '2020-01-20 00:27:23', '2020-01-20 00:37:37'),
(119, 51, 3, 0, 1, 1, 1, '2020-01-20 00:37:37', 0, '2020-01-20 00:27:23', '2020-01-20 00:37:37'),
(120, 52, 3, 0, 1, 1, 1, '2020-01-20 00:37:37', 0, '2020-01-20 00:27:23', '2020-01-20 00:37:37'),
(121, 53, 3, 0, 1, 1, 1, '2020-01-20 00:37:37', 0, '2020-01-20 00:27:23', '2020-01-20 00:37:37'),
(122, 54, 3, 0, 1, 1, 1, '2020-01-20 00:37:37', 0, '2020-01-20 00:27:23', '2020-01-20 00:37:37'),
(123, 55, 3, 0, 1, 1, 1, '2020-01-20 00:37:38', 0, '2020-01-20 00:27:23', '2020-01-20 00:37:38'),
(124, 56, 3, 0, 1, 1, 1, '2020-01-20 00:37:38', 0, '2020-01-20 00:27:23', '2020-01-20 00:37:38'),
(125, 63, 3, 0, 1, 1, 1, '2020-01-20 00:37:38', 0, '2020-01-20 00:27:23', '2020-01-20 00:37:38'),
(126, 64, 3, 0, 1, 1, 1, '2020-01-20 00:37:38', 0, '2020-01-20 00:27:23', '2020-01-20 00:37:38'),
(127, 65, 3, 0, 1, 1, 1, '2020-01-20 00:37:38', 0, '2020-01-20 00:27:23', '2020-01-20 00:37:38'),
(128, 66, 3, 0, 1, 1, 1, '2020-01-20 00:37:38', 0, '2020-01-20 00:27:23', '2020-01-20 00:37:38'),
(129, 67, 3, 0, 1, 1, 1, '2020-01-20 00:37:38', 0, '2020-01-20 00:27:23', '2020-01-20 00:37:38'),
(130, 57, 3, 0, 1, 1, 1, '2020-01-20 00:37:38', 0, '2020-01-20 00:27:23', '2020-01-20 00:37:38'),
(131, 58, 3, 0, 1, 1, 1, '2020-01-20 00:37:38', 0, '2020-01-20 00:27:24', '2020-01-20 00:37:38'),
(132, 59, 3, 0, 1, 1, 1, '2020-01-20 00:37:38', 0, '2020-01-20 00:27:24', '2020-01-20 00:37:38'),
(133, 60, 3, 0, 1, 1, 1, '2020-01-20 00:37:38', 0, '2020-01-20 00:27:24', '2020-01-20 00:37:38'),
(134, 61, 3, 0, 1, 1, 1, '2020-01-20 00:37:38', 0, '2020-01-20 00:27:24', '2020-01-20 00:37:38'),
(135, 62, 3, 0, 1, 1, 1, '2020-01-20 00:37:38', 0, '2020-01-20 00:27:24', '2020-01-20 00:37:38'),
(136, 68, 3, 0, 1, 1, 1, '2020-01-20 00:37:38', 0, '2020-01-20 00:27:24', '2020-01-20 00:37:38'),
(137, 69, 3, 0, 1, 1, 1, '2020-01-20 00:37:38', 0, '2020-01-20 00:27:24', '2020-01-20 00:37:38'),
(138, 70, 3, 0, 1, 1, 1, '2020-01-20 00:37:39', 0, '2020-01-20 00:27:24', '2020-01-20 00:37:39'),
(139, 71, 3, 0, 1, 1, 1, '2020-01-20 00:37:39', 0, '2020-01-20 00:27:24', '2020-01-20 00:37:39'),
(140, 47, 2, 0, 1, 1, 1, '2020-01-20 00:30:14', 0, '2020-01-20 00:29:57', '2020-01-20 00:30:14'),
(141, 37, 3, 0, 1, 1, NULL, NULL, 1, '2020-01-20 00:40:31', '2020-01-20 00:40:31'),
(142, 39, 3, 53, 1, 1, NULL, NULL, 1, '2020-01-20 00:40:32', '2020-01-20 00:40:32'),
(143, 39, 3, 54, 1, 1, NULL, NULL, 1, '2020-01-20 00:40:32', '2020-01-20 00:40:32'),
(144, 39, 3, 55, 1, 1, NULL, NULL, 1, '2020-01-20 00:40:32', '2020-01-20 00:40:32'),
(145, 39, 3, 0, 1, 1, NULL, NULL, 1, '2020-01-20 00:40:32', '2020-01-20 00:40:32'),
(146, 40, 3, 56, 1, 1, NULL, NULL, 1, '2020-01-20 00:40:32', '2020-01-20 00:40:32'),
(147, 40, 3, 57, 1, 1, NULL, NULL, 1, '2020-01-20 00:40:32', '2020-01-20 00:40:32'),
(148, 40, 3, 58, 1, 1, NULL, NULL, 1, '2020-01-20 00:40:32', '2020-01-20 00:40:32'),
(149, 40, 3, 0, 1, 1, NULL, NULL, 1, '2020-01-20 00:40:32', '2020-01-20 00:40:32'),
(150, 41, 3, 59, 1, 1, NULL, NULL, 1, '2020-01-20 00:40:32', '2020-01-20 00:40:32'),
(151, 41, 3, 60, 1, 1, NULL, NULL, 1, '2020-01-20 00:40:32', '2020-01-20 00:40:32'),
(152, 41, 3, 61, 1, 1, NULL, NULL, 1, '2020-01-20 00:40:32', '2020-01-20 00:40:32'),
(153, 41, 3, 0, 1, 1, NULL, NULL, 1, '2020-01-20 00:40:32', '2020-01-20 00:40:32'),
(154, 44, 3, 62, 1, 1, NULL, NULL, 1, '2020-01-20 00:40:32', '2020-01-20 00:40:32'),
(155, 44, 3, 63, 1, 1, NULL, NULL, 1, '2020-01-20 00:40:32', '2020-01-20 00:40:32'),
(156, 44, 3, 64, 1, 1, NULL, NULL, 1, '2020-01-20 00:40:32', '2020-01-20 00:40:32'),
(157, 44, 3, 0, 1, 1, NULL, NULL, 1, '2020-01-20 00:40:32', '2020-01-20 00:40:32'),
(158, 46, 3, 68, 1, 1, NULL, NULL, 1, '2020-01-20 00:40:32', '2020-01-20 00:40:32'),
(159, 46, 3, 69, 1, 1, NULL, NULL, 1, '2020-01-20 00:40:32', '2020-01-20 00:40:32'),
(160, 46, 3, 70, 1, 1, NULL, NULL, 1, '2020-01-20 00:40:32', '2020-01-20 00:40:32'),
(161, 46, 3, 0, 1, 1, NULL, NULL, 1, '2020-01-20 00:40:32', '2020-01-20 00:40:32'),
(162, 47, 3, 0, 1, 1, NULL, NULL, 1, '2020-01-20 00:40:32', '2020-01-20 00:40:32'),
(163, 48, 3, 0, 1, 1, NULL, NULL, 1, '2020-01-20 00:40:32', '2020-01-20 00:40:32'),
(164, 49, 3, 0, 1, 1, NULL, NULL, 1, '2020-01-20 00:40:32', '2020-01-20 00:40:32'),
(165, 72, 3, 0, 1, 1, NULL, NULL, 1, '2020-01-20 00:40:32', '2020-01-20 00:40:32'),
(166, 50, 3, 0, 1, 1, NULL, NULL, 1, '2020-01-20 00:40:32', '2020-01-20 00:40:32'),
(167, 51, 3, 0, 1, 1, NULL, NULL, 1, '2020-01-20 00:40:32', '2020-01-20 00:40:32'),
(168, 52, 3, 0, 1, 1, NULL, NULL, 1, '2020-01-20 00:40:32', '2020-01-20 00:40:32'),
(169, 53, 3, 0, 1, 1, NULL, NULL, 1, '2020-01-20 00:40:32', '2020-01-20 00:40:32'),
(170, 54, 3, 0, 1, 1, NULL, NULL, 1, '2020-01-20 00:40:33', '2020-01-20 00:40:33'),
(171, 55, 3, 0, 1, 1, NULL, NULL, 1, '2020-01-20 00:40:33', '2020-01-20 00:40:33'),
(172, 56, 3, 0, 1, 1, NULL, NULL, 1, '2020-01-20 00:40:33', '2020-01-20 00:40:33'),
(173, 63, 3, 0, 1, 1, NULL, NULL, 1, '2020-01-20 00:40:33', '2020-01-20 00:40:33'),
(174, 64, 3, 0, 1, 1, NULL, NULL, 1, '2020-01-20 00:40:33', '2020-01-20 00:40:33'),
(175, 65, 3, 0, 1, 1, NULL, NULL, 1, '2020-01-20 00:40:33', '2020-01-20 00:40:33'),
(176, 66, 3, 0, 1, 1, NULL, NULL, 1, '2020-01-20 00:40:33', '2020-01-20 00:40:33'),
(177, 67, 3, 0, 1, 1, NULL, NULL, 1, '2020-01-20 00:40:33', '2020-01-20 00:40:33'),
(178, 57, 3, 0, 1, 1, NULL, NULL, 1, '2020-01-20 00:40:33', '2020-01-20 00:40:33'),
(179, 58, 3, 0, 1, 1, NULL, NULL, 1, '2020-01-20 00:40:33', '2020-01-20 00:40:33'),
(180, 59, 3, 0, 1, 1, NULL, NULL, 1, '2020-01-20 00:40:33', '2020-01-20 00:40:33'),
(181, 60, 3, 0, 1, 1, NULL, NULL, 1, '2020-01-20 00:40:33', '2020-01-20 00:40:33'),
(182, 61, 3, 0, 1, 1, NULL, NULL, 1, '2020-01-20 00:40:33', '2020-01-20 00:40:33'),
(183, 62, 3, 0, 1, 1, NULL, NULL, 1, '2020-01-20 00:40:33', '2020-01-20 00:40:33'),
(184, 68, 3, 0, 1, 1, NULL, NULL, 1, '2020-01-20 00:40:33', '2020-01-20 00:40:33'),
(185, 69, 3, 0, 1, 1, NULL, NULL, 1, '2020-01-20 00:40:33', '2020-01-20 00:40:33'),
(186, 70, 3, 0, 1, 1, NULL, NULL, 1, '2020-01-20 00:40:33', '2020-01-20 00:40:33'),
(187, 71, 3, 0, 1, 1, NULL, NULL, 1, '2020-01-20 00:40:33', '2020-01-20 00:40:33'),
(188, 47, 2, 0, 1, 1, 1, '2020-01-20 00:41:00', 0, '2020-01-20 00:40:47', '2020-01-20 00:41:00'),
(189, 47, 2, 0, 1, 1, 1, '2020-01-20 00:47:09', 0, '2020-01-20 00:46:46', '2020-01-20 00:47:09'),
(190, 44, 1, 62, 1, 1, 1, '2020-01-20 00:51:19', 0, '2020-01-20 00:51:00', '2020-01-20 00:51:19'),
(191, 44, 1, 63, 1, 1, 1, '2020-01-20 00:51:19', 0, '2020-01-20 00:51:01', '2020-01-20 00:51:19'),
(192, 44, 1, 64, 1, 1, 1, '2020-01-20 00:51:19', 0, '2020-01-20 00:51:01', '2020-01-20 00:51:19'),
(193, 44, 1, 0, 1, 1, 1, '2020-01-20 00:51:19', 0, '2020-01-20 00:51:01', '2020-01-20 00:51:19'),
(194, 46, 1, 68, 1, 1, 1, '2020-01-20 00:51:19', 0, '2020-01-20 00:51:01', '2020-01-20 00:51:19'),
(195, 46, 1, 69, 1, 1, 1, '2020-01-20 00:51:19', 0, '2020-01-20 00:51:01', '2020-01-20 00:51:19'),
(196, 46, 1, 70, 1, 1, 1, '2020-01-20 00:51:19', 0, '2020-01-20 00:51:01', '2020-01-20 00:51:19'),
(197, 46, 1, 0, 1, 1, 1, '2020-01-20 00:51:19', 0, '2020-01-20 00:51:01', '2020-01-20 00:51:19'),
(198, 50, 2, 0, 1, 1, NULL, NULL, 1, '2020-01-25 23:11:40', '2020-01-25 23:11:40'),
(199, 51, 2, 0, 1, 1, NULL, NULL, 1, '2020-01-25 23:11:40', '2020-01-25 23:11:40'),
(200, 52, 2, 0, 1, 1, NULL, NULL, 1, '2020-01-25 23:11:40', '2020-01-25 23:11:40'),
(201, 53, 2, 0, 1, 1, NULL, NULL, 1, '2020-01-25 23:11:40', '2020-01-25 23:11:40'),
(202, 54, 2, 0, 1, 1, NULL, NULL, 1, '2020-01-25 23:11:40', '2020-01-25 23:11:40'),
(203, 55, 2, 0, 1, 1, NULL, NULL, 1, '2020-01-25 23:11:40', '2020-01-25 23:11:40'),
(204, 56, 2, 0, 1, 1, NULL, NULL, 1, '2020-01-25 23:11:40', '2020-01-25 23:11:40'),
(205, 63, 2, 0, 1, 1, NULL, NULL, 1, '2020-01-25 23:11:40', '2020-01-25 23:11:40'),
(206, 64, 2, 0, 1, 1, NULL, NULL, 1, '2020-01-25 23:11:40', '2020-01-25 23:11:40'),
(207, 65, 2, 0, 1, 1, NULL, NULL, 1, '2020-01-25 23:11:40', '2020-01-25 23:11:40'),
(208, 66, 2, 0, 1, 1, NULL, NULL, 1, '2020-01-25 23:11:41', '2020-01-25 23:11:41'),
(209, 67, 2, 0, 1, 1, NULL, NULL, 1, '2020-01-25 23:11:41', '2020-01-25 23:11:41'),
(210, 57, 2, 0, 1, 1, NULL, NULL, 1, '2020-01-25 23:11:41', '2020-01-25 23:11:41'),
(211, 58, 2, 0, 1, 1, NULL, NULL, 1, '2020-01-25 23:11:41', '2020-01-25 23:11:41'),
(212, 59, 2, 0, 1, 1, NULL, NULL, 1, '2020-01-25 23:11:41', '2020-01-25 23:11:41'),
(213, 60, 2, 0, 1, 1, NULL, NULL, 1, '2020-01-25 23:11:41', '2020-01-25 23:11:41'),
(214, 61, 2, 0, 1, 1, NULL, NULL, 1, '2020-01-25 23:11:41', '2020-01-25 23:11:41'),
(215, 62, 2, 0, 1, 1, NULL, NULL, 1, '2020-01-25 23:11:41', '2020-01-25 23:11:41'),
(216, 68, 2, 0, 1, 1, NULL, NULL, 1, '2020-01-25 23:11:41', '2020-01-25 23:11:41'),
(217, 69, 2, 0, 1, 1, NULL, NULL, 1, '2020-01-25 23:11:41', '2020-01-25 23:11:41'),
(218, 70, 2, 0, 1, 1, NULL, NULL, 1, '2020-01-25 23:11:41', '2020-01-25 23:11:41'),
(219, 71, 2, 0, 1, 1, NULL, NULL, 1, '2020-01-25 23:11:41', '2020-01-25 23:11:41');

-- --------------------------------------------------------

--
-- Table structure for table `user_roel`
--

CREATE TABLE `user_roel` (
  `id` bigint(20) UNSIGNED NOT NULL,
  `role_name` varchar(191) COLLATE utf8mb4_unicode_ci NOT NULL,
  `role_type` tinyint(4) DEFAULT NULL,
  `created_by` int(11) DEFAULT NULL,
  `updated_by` int(11) DEFAULT NULL,
  `deleted_by` int(11) DEFAULT NULL,
  `deleted_at` timestamp NULL DEFAULT NULL,
  `created_at` timestamp NULL DEFAULT NULL,
  `updated_at` timestamp NULL DEFAULT NULL,
  `valid` tinyint(4) NOT NULL DEFAULT 1
) ENGINE=InnoDB DEFAULT CHARSET=utf8mb4 COLLATE=utf8mb4_unicode_ci;

--
-- Dumping data for table `user_roel`
--

INSERT INTO `user_roel` (`id`, `role_name`, `role_type`, `created_by`, `updated_by`, `deleted_by`, `deleted_at`, `created_at`, `updated_at`, `valid`) VALUES
(1, 'Sales Person', NULL, 1, 1, NULL, NULL, '2020-01-13 04:36:24', '2020-01-13 04:36:24', 1),
(2, 'Manager', NULL, 1, 1, NULL, NULL, '2020-01-13 21:57:01', '2020-01-14 04:28:58', 1),
(3, 'Super Admin', NULL, 1, 1, NULL, NULL, '2020-01-13 22:00:36', '2020-01-13 22:04:17', 1);

--
-- Indexes for dumped tables
--

--
-- Indexes for table `admins`
--
ALTER TABLE `admins`
  ADD PRIMARY KEY (`id`),
  ADD UNIQUE KEY `admins_username_unique` (`username`),
  ADD UNIQUE KEY `admins_email_unique` (`email`);

--
-- Indexes for table `admin_role`
--
ALTER TABLE `admin_role`
  ADD PRIMARY KEY (`id`);

--
-- Indexes for table `admin_role_access`
--
ALTER TABLE `admin_role_access`
  ADD PRIMARY KEY (`id`);

--
-- Indexes for table `inv_ar_transaction`
--
ALTER TABLE `inv_ar_transaction`
  ADD PRIMARY KEY (`id`);

--
-- Indexes for table `inv_company_configure`
--
ALTER TABLE `inv_company_configure`
  ADD PRIMARY KEY (`id`);

--
-- Indexes for table `inv_customer`
--
ALTER TABLE `inv_customer`
  ADD PRIMARY KEY (`id`);

--
-- Indexes for table `inv_inventory_method`
--
ALTER TABLE `inv_inventory_method`
  ADD PRIMARY KEY (`id`);

--
-- Indexes for table `inv_pos`
--
ALTER TABLE `inv_pos`
  ADD PRIMARY KEY (`id`);

--
-- Indexes for table `inv_pos_details`
--
ALTER TABLE `inv_pos_details`
  ADD PRIMARY KEY (`id`);

--
-- Indexes for table `inv_product`
--
ALTER TABLE `inv_product`
  ADD PRIMARY KEY (`id`),
  ADD UNIQUE KEY `inv_code` (`inv_code`);

--
-- Indexes for table `inv_product_category`
--
ALTER TABLE `inv_product_category`
  ADD PRIMARY KEY (`id`);

--
-- Indexes for table `inv_product_receive`
--
ALTER TABLE `inv_product_receive`
  ADD PRIMARY KEY (`id`);

--
-- Indexes for table `inv_product_receive_details`
--
ALTER TABLE `inv_product_receive_details`
  ADD PRIMARY KEY (`id`);

--
-- Indexes for table `inv_sales_person`
--
ALTER TABLE `inv_sales_person`
  ADD PRIMARY KEY (`id`),
  ADD UNIQUE KEY `username` (`username`),
  ADD UNIQUE KEY `number` (`number`);

--
-- Indexes for table `inv_vendor`
--
ALTER TABLE `inv_vendor`
  ADD PRIMARY KEY (`id`);

--
-- Indexes for table `menu_internal_link`
--
ALTER TABLE `menu_internal_link`
  ADD PRIMARY KEY (`id`);

--
-- Indexes for table `menu_panel`
--
ALTER TABLE `menu_panel`
  ADD PRIMARY KEY (`id`) USING BTREE;

--
-- Indexes for table `menu_tabe`
--
ALTER TABLE `menu_tabe`
  ADD PRIMARY KEY (`id`);

--
-- Indexes for table `password_resets`
--
ALTER TABLE `password_resets`
  ADD KEY `password_resets_email_index` (`email`);

--
-- Indexes for table `users`
--
ALTER TABLE `users`
  ADD PRIMARY KEY (`id`),
  ADD UNIQUE KEY `users_username_unique` (`username`),
  ADD UNIQUE KEY `users_email_unique` (`email`);

--
-- Indexes for table `user_access_role`
--
ALTER TABLE `user_access_role`
  ADD PRIMARY KEY (`id`);

--
-- Indexes for table `user_roel`
--
ALTER TABLE `user_roel`
  ADD PRIMARY KEY (`id`);

--
-- AUTO_INCREMENT for dumped tables
--

--
-- AUTO_INCREMENT for table `admins`
--
ALTER TABLE `admins`
  MODIFY `id` bigint(20) UNSIGNED NOT NULL AUTO_INCREMENT, AUTO_INCREMENT=49;

--
-- AUTO_INCREMENT for table `admin_role`
--
ALTER TABLE `admin_role`
  MODIFY `id` bigint(20) UNSIGNED NOT NULL AUTO_INCREMENT, AUTO_INCREMENT=14;

--
-- AUTO_INCREMENT for table `admin_role_access`
--
ALTER TABLE `admin_role_access`
  MODIFY `id` bigint(20) UNSIGNED NOT NULL AUTO_INCREMENT, AUTO_INCREMENT=311;

--
-- AUTO_INCREMENT for table `inv_ar_transaction`
--
ALTER TABLE `inv_ar_transaction`
  MODIFY `id` int(11) NOT NULL AUTO_INCREMENT;

--
-- AUTO_INCREMENT for table `inv_company_configure`
--
ALTER TABLE `inv_company_configure`
  MODIFY `id` int(11) NOT NULL AUTO_INCREMENT, AUTO_INCREMENT=2;

--
-- AUTO_INCREMENT for table `inv_customer`
--
ALTER TABLE `inv_customer`
  MODIFY `id` int(11) NOT NULL AUTO_INCREMENT, AUTO_INCREMENT=5;

--
-- AUTO_INCREMENT for table `inv_inventory_method`
--
ALTER TABLE `inv_inventory_method`
  MODIFY `id` bigint(20) UNSIGNED NOT NULL AUTO_INCREMENT, AUTO_INCREMENT=5;

--
-- AUTO_INCREMENT for table `inv_pos`
--
ALTER TABLE `inv_pos`
  MODIFY `id` int(11) NOT NULL AUTO_INCREMENT;

--
-- AUTO_INCREMENT for table `inv_pos_details`
--
ALTER TABLE `inv_pos_details`
  MODIFY `id` int(11) NOT NULL AUTO_INCREMENT;

--
-- AUTO_INCREMENT for table `inv_product`
--
ALTER TABLE `inv_product`
  MODIFY `id` int(11) NOT NULL AUTO_INCREMENT, AUTO_INCREMENT=25;

--
-- AUTO_INCREMENT for table `inv_product_category`
--
ALTER TABLE `inv_product_category`
  MODIFY `id` int(11) NOT NULL AUTO_INCREMENT, AUTO_INCREMENT=22;

--
-- AUTO_INCREMENT for table `inv_product_receive`
--
ALTER TABLE `inv_product_receive`
  MODIFY `id` int(11) NOT NULL AUTO_INCREMENT, AUTO_INCREMENT=3;

--
-- AUTO_INCREMENT for table `inv_product_receive_details`
--
ALTER TABLE `inv_product_receive_details`
  MODIFY `id` int(11) NOT NULL AUTO_INCREMENT, AUTO_INCREMENT=3;

--
-- AUTO_INCREMENT for table `inv_sales_person`
--
ALTER TABLE `inv_sales_person`
  MODIFY `id` int(11) NOT NULL AUTO_INCREMENT, AUTO_INCREMENT=12;

--
-- AUTO_INCREMENT for table `inv_vendor`
--
ALTER TABLE `inv_vendor`
  MODIFY `id` int(11) NOT NULL AUTO_INCREMENT, AUTO_INCREMENT=25;

--
-- AUTO_INCREMENT for table `menu_internal_link`
--
ALTER TABLE `menu_internal_link`
  MODIFY `id` bigint(20) UNSIGNED NOT NULL AUTO_INCREMENT, AUTO_INCREMENT=74;

--
-- AUTO_INCREMENT for table `menu_panel`
--
ALTER TABLE `menu_panel`
  MODIFY `id` int(11) NOT NULL AUTO_INCREMENT, AUTO_INCREMENT=3;

--
-- AUTO_INCREMENT for table `menu_tabe`
--
ALTER TABLE `menu_tabe`
  MODIFY `id` bigint(20) UNSIGNED NOT NULL AUTO_INCREMENT, AUTO_INCREMENT=74;

--
-- AUTO_INCREMENT for table `users`
--
ALTER TABLE `users`
  MODIFY `id` bigint(20) UNSIGNED NOT NULL AUTO_INCREMENT, AUTO_INCREMENT=28;

--
-- AUTO_INCREMENT for table `user_access_role`
--
ALTER TABLE `user_access_role`
  MODIFY `id` bigint(20) UNSIGNED NOT NULL AUTO_INCREMENT, AUTO_INCREMENT=220;

--
-- AUTO_INCREMENT for table `user_roel`
--
ALTER TABLE `user_roel`
  MODIFY `id` bigint(20) UNSIGNED NOT NULL AUTO_INCREMENT, AUTO_INCREMENT=4;
COMMIT;

/*!40101 SET CHARACTER_SET_CLIENT=@OLD_CHARACTER_SET_CLIENT */;
/*!40101 SET CHARACTER_SET_RESULTS=@OLD_CHARACTER_SET_RESULTS */;
/*!40101 SET COLLATION_CONNECTION=@OLD_COLLATION_CONNECTION */;
